2025-08-01 10:47:49,339 INFO o.h.v.i.u.Version [background-preinit] HV000001: Hibernate Validator 8.0.1.Final
2025-08-01 10:47:49,381 INFO o.s.b.StartupInfoLogger [restartedMain] Starting BakendApiRestApplication using Java 17.0.9 with PID 11164 (C:\Users\USER\Documents\Sprint Boot\bakend-api-rest\bakend-api-rest\target\classes started by USER in C:\Users\USER\Documents\Sprint Boot\bakend-api-rest\bakend-api-rest)
2025-08-01 10:47:49,382 INFO o.s.b.SpringApplication [restartedMain] The following 1 profile is active: "prd"
2025-08-01 10:47:49,423 INFO o.s.b.l.DeferredLog [restartedMain] Devtools property defaults active! Set 'spring.devtools.add-properties' to 'false' to disable
2025-08-01 10:47:49,423 INFO o.s.b.l.DeferredLog [restartedMain] For additional web related logging consider setting the 'logging.level.web' property to 'DEBUG'
2025-08-01 10:47:50,523 INFO o.s.d.r.c.RepositoryConfigurationDelegate [restartedMain] Bootstrapping Spring Data JPA repositories in DEFAULT mode.
2025-08-01 10:47:50,577 INFO o.s.d.r.c.RepositoryConfigurationDelegate [restartedMain] Finished Spring Data repository scanning in 47 ms. Found 4 JPA repository interfaces.
2025-08-01 10:47:51,698 INFO o.s.b.w.e.t.TomcatWebServer [restartedMain] Tomcat initialized with port 3001 (http)
2025-08-01 10:47:51,715 INFO o.a.j.l.DirectJDKLog [restartedMain] Initializing ProtocolHandler ["http-nio-3001"]
2025-08-01 10:47:51,721 INFO o.a.j.l.DirectJDKLog [restartedMain] Starting service [Tomcat]
2025-08-01 10:47:51,721 INFO o.a.j.l.DirectJDKLog [restartedMain] Starting Servlet engine: [Apache Tomcat/10.1.31]
2025-08-01 10:47:51,799 INFO o.a.j.l.DirectJDKLog [restartedMain] Initializing Spring embedded WebApplicationContext
2025-08-01 10:47:51,800 INFO o.s.b.w.s.c.ServletWebServerApplicationContext [restartedMain] Root WebApplicationContext: initialization completed in 2376 ms
2025-08-01 10:47:52,420 WARN o.f.c.i.l.s.Slf4jLog [restartedMain] Discarding duplicate location 'classpath:db/migrations'
2025-08-01 10:47:52,432 INFO c.z.h.HikariDataSource [restartedMain] HikariPool-1 - Starting...
2025-08-01 10:47:52,628 INFO c.z.h.p.HikariPool [restartedMain] HikariPool-1 - Added connection org.postgresql.jdbc.PgConnection@599739dd
2025-08-01 10:47:52,629 INFO c.z.h.HikariDataSource [restartedMain] HikariPool-1 - Start completed.
2025-08-01 10:47:52,666 INFO o.f.c.i.l.s.Slf4jLog [restartedMain] Database: jdbc:postgresql://localhost:5432/ccunsa_prd (PostgreSQL 16.4)
2025-08-01 10:47:52,732 INFO o.f.c.i.l.s.Slf4jLog [restartedMain] Successfully validated 4 migrations (execution time 00:00.034s)
2025-08-01 10:47:52,778 INFO o.f.c.i.l.s.Slf4jLog [restartedMain] Current version of schema "ccunsa": 2.2
2025-08-01 10:47:52,783 INFO o.f.c.i.l.s.Slf4jLog [restartedMain] Schema "ccunsa" is up to date. No migration necessary.
2025-08-01 10:47:52,910 INFO o.h.j.i.u.LogHelper [restartedMain] HHH000204: Processing PersistenceUnitInfo [name: default]
2025-08-01 10:47:52,978 INFO o.h.Version [restartedMain] HHH000412: Hibernate ORM core version 6.5.3.Final
2025-08-01 10:47:53,010 INFO o.h.c.i.RegionFactoryInitiator [restartedMain] HHH000026: Second-level cache disabled
2025-08-01 10:47:53,265 INFO o.s.o.j.p.SpringPersistenceUnitInfo [restartedMain] No LoadTimeWeaver setup: ignoring JPA class transformer
2025-08-01 10:47:54,190 INFO o.h.e.t.j.p.i.JtaPlatformInitiator [restartedMain] HHH000489: No JTA platform available (set 'hibernate.transaction.jta.platform' to enable JTA platform integration)
2025-08-01 10:47:54,193 INFO o.s.o.j.AbstractEntityManagerFactoryBean [restartedMain] Initialized JPA EntityManagerFactory for persistence unit 'default'
2025-08-01 10:47:54,813 WARN o.s.b.a.o.j.JpaBaseConfiguration$JpaWebConfiguration [restartedMain] spring.jpa.open-in-view is enabled by default. Therefore, database queries may be performed during view rendering. Explicitly configure spring.jpa.open-in-view to disable this warning
2025-08-01 10:47:54,894 INFO o.s.s.c.a.a.c.InitializeUserDetailsBeanManagerConfigurer$InitializeUserDetailsManagerConfigurer [restartedMain] Global AuthenticationManager configured with UserDetailsService bean with name projectUserDetailService
2025-08-01 10:47:55,294 INFO o.s.b.a.e.w.EndpointLinksResolver [restartedMain] Exposing 1 endpoint beneath base path '/actuator'
2025-08-01 10:47:55,857 INFO o.s.b.d.a.OptionalLiveReloadServer [restartedMain] LiveReload server is running on port 35729
2025-08-01 10:47:55,893 INFO o.a.j.l.DirectJDKLog [restartedMain] Starting ProtocolHandler ["http-nio-3001"]
2025-08-01 10:47:55,906 INFO o.s.b.w.e.t.TomcatWebServer [restartedMain] Tomcat started on port 3001 (http) with context path '/'
2025-08-01 10:47:55,919 INFO o.s.b.StartupInfoLogger [restartedMain] Started BakendApiRestApplication in 7.03 seconds (process running for 7.531)
2025-08-01 10:48:28,705 INFO o.a.j.l.DirectJDKLog [http-nio-3001-exec-2] Initializing Spring DispatcherServlet 'dispatcherServlet'
2025-08-01 10:48:28,705 INFO o.s.w.s.FrameworkServlet [http-nio-3001-exec-2] Initializing Servlet 'dispatcherServlet'
2025-08-01 10:48:28,706 INFO o.s.w.s.FrameworkServlet [http-nio-3001-exec-2] Completed initialization in 1 ms
2025-08-01 10:48:55,186 INFO o.a.j.l.DirectJDKLog [http-nio-3001-exec-3] A cookie header was received [g_state={"i_l":0}] that contained an invalid cookie. That cookie will be ignored.
 Note: further occurrences of this error will be logged at DEBUG level.
2025-08-01 10:53:25,054 ERROR o.a.j.l.DirectJDKLog [http-nio-3001-exec-6] Servlet.service() for servlet [dispatcherServlet] in context with path [] threw exception [Request processing failed: com.galaxy.bakendapirest.exception.EntityNotFoundException: DocType no found with id 3] with root cause
com.galaxy.bakendapirest.exception.EntityNotFoundException: DocType no found with id 3
	at com.galaxy.bakendapirest.service.impl.UserSeviceImpl.create(UserSeviceImpl.java:32)
	at com.galaxy.bakendapirest.controller.UserController.create(UserController.java:20)
	at java.base/jdk.internal.reflect.NativeMethodAccessorImpl.invoke0(Native Method)
	at java.base/jdk.internal.reflect.NativeMethodAccessorImpl.invoke(NativeMethodAccessorImpl.java:77)
	at java.base/jdk.internal.reflect.DelegatingMethodAccessorImpl.invoke(DelegatingMethodAccessorImpl.java:43)
	at java.base/java.lang.reflect.Method.invoke(Method.java:568)
	at org.springframework.web.method.support.InvocableHandlerMethod.doInvoke(InvocableHandlerMethod.java:255)
	at org.springframework.web.method.support.InvocableHandlerMethod.invokeForRequest(InvocableHandlerMethod.java:188)
	at org.springframework.web.servlet.mvc.method.annotation.ServletInvocableHandlerMethod.invokeAndHandle(ServletInvocableHandlerMethod.java:118)
	at org.springframework.web.servlet.mvc.method.annotation.RequestMappingHandlerAdapter.invokeHandlerMethod(RequestMappingHandlerAdapter.java:926)
	at org.springframework.web.servlet.mvc.method.annotation.RequestMappingHandlerAdapter.handleInternal(RequestMappingHandlerAdapter.java:831)
	at org.springframework.web.servlet.mvc.method.AbstractHandlerMethodAdapter.handle(AbstractHandlerMethodAdapter.java:87)
	at org.springframework.web.servlet.DispatcherServlet.doDispatch(DispatcherServlet.java:1089)
	at org.springframework.web.servlet.DispatcherServlet.doService(DispatcherServlet.java:979)
	at org.springframework.web.servlet.FrameworkServlet.processRequest(FrameworkServlet.java:1014)
	at org.springframework.web.servlet.FrameworkServlet.doPost(FrameworkServlet.java:914)
	at jakarta.servlet.http.HttpServlet.service(HttpServlet.java:590)
	at org.springframework.web.servlet.FrameworkServlet.service(FrameworkServlet.java:885)
	at jakarta.servlet.http.HttpServlet.service(HttpServlet.java:658)
	at org.apache.catalina.core.ApplicationFilterChain.internalDoFilter(ApplicationFilterChain.java:195)
	at org.apache.catalina.core.ApplicationFilterChain.doFilter(ApplicationFilterChain.java:140)
	at org.apache.tomcat.websocket.server.WsFilter.doFilter(WsFilter.java:51)
	at org.apache.catalina.core.ApplicationFilterChain.internalDoFilter(ApplicationFilterChain.java:164)
	at org.apache.catalina.core.ApplicationFilterChain.doFilter(ApplicationFilterChain.java:140)
	at org.springframework.web.filter.CompositeFilter$VirtualFilterChain.doFilter(CompositeFilter.java:108)
	at org.springframework.security.web.FilterChainProxy.lambda$doFilterInternal$3(FilterChainProxy.java:231)
	at org.springframework.security.web.ObservationFilterChainDecorator$FilterObservation$SimpleFilterObservation.lambda$wrap$1(ObservationFilterChainDecorator.java:479)
	at org.springframework.security.web.ObservationFilterChainDecorator$AroundFilterObservation$SimpleAroundFilterObservation.lambda$wrap$1(ObservationFilterChainDecorator.java:340)
	at org.springframework.security.web.ObservationFilterChainDecorator.lambda$wrapSecured$0(ObservationFilterChainDecorator.java:82)
	at org.springframework.security.web.ObservationFilterChainDecorator$VirtualFilterChain.doFilter(ObservationFilterChainDecorator.java:128)
	at org.springframework.security.web.access.intercept.AuthorizationFilter.doFilter(AuthorizationFilter.java:100)
	at org.springframework.security.web.ObservationFilterChainDecorator$ObservationFilter.wrapFilter(ObservationFilterChainDecorator.java:240)
	at org.springframework.security.web.ObservationFilterChainDecorator$ObservationFilter.doFilter(ObservationFilterChainDecorator.java:227)
	at org.springframework.security.web.ObservationFilterChainDecorator$VirtualFilterChain.doFilter(ObservationFilterChainDecorator.java:137)
	at org.springframework.security.web.access.ExceptionTranslationFilter.doFilter(ExceptionTranslationFilter.java:126)
	at org.springframework.security.web.access.ExceptionTranslationFilter.doFilter(ExceptionTranslationFilter.java:120)
	at org.springframework.security.web.ObservationFilterChainDecorator$ObservationFilter.wrapFilter(ObservationFilterChainDecorator.java:240)
	at org.springframework.security.web.ObservationFilterChainDecorator$ObservationFilter.doFilter(ObservationFilterChainDecorator.java:227)
	at org.springframework.security.web.ObservationFilterChainDecorator$VirtualFilterChain.doFilter(ObservationFilterChainDecorator.java:137)
	at org.springframework.security.web.authentication.AnonymousAuthenticationFilter.doFilter(AnonymousAuthenticationFilter.java:100)
	at org.springframework.security.web.ObservationFilterChainDecorator$ObservationFilter.wrapFilter(ObservationFilterChainDecorator.java:240)
	at org.springframework.security.web.ObservationFilterChainDecorator$ObservationFilter.doFilter(ObservationFilterChainDecorator.java:227)
	at org.springframework.security.web.ObservationFilterChainDecorator$VirtualFilterChain.doFilter(ObservationFilterChainDecorator.java:137)
	at org.springframework.security.web.servletapi.SecurityContextHolderAwareRequestFilter.doFilter(SecurityContextHolderAwareRequestFilter.java:179)
	at org.springframework.security.web.ObservationFilterChainDecorator$ObservationFilter.wrapFilter(ObservationFilterChainDecorator.java:240)
	at org.springframework.security.web.ObservationFilterChainDecorator$ObservationFilter.doFilter(ObservationFilterChainDecorator.java:227)
	at org.springframework.security.web.ObservationFilterChainDecorator$VirtualFilterChain.doFilter(ObservationFilterChainDecorator.java:137)
	at org.springframework.security.web.savedrequest.RequestCacheAwareFilter.doFilter(RequestCacheAwareFilter.java:63)
	at org.springframework.security.web.ObservationFilterChainDecorator$ObservationFilter.wrapFilter(ObservationFilterChainDecorator.java:240)
	at org.springframework.security.web.ObservationFilterChainDecorator$ObservationFilter.doFilter(ObservationFilterChainDecorator.java:227)
	at org.springframework.security.web.ObservationFilterChainDecorator$VirtualFilterChain.doFilter(ObservationFilterChainDecorator.java:137)
	at org.springframework.web.filter.OncePerRequestFilter.doFilter(OncePerRequestFilter.java:101)
	at org.springframework.security.web.ObservationFilterChainDecorator$ObservationFilter.wrapFilter(ObservationFilterChainDecorator.java:240)
	at org.springframework.security.web.ObservationFilterChainDecorator$ObservationFilter.doFilter(ObservationFilterChainDecorator.java:227)
	at org.springframework.security.web.ObservationFilterChainDecorator$VirtualFilterChain.doFilter(ObservationFilterChainDecorator.java:137)
	at org.springframework.security.web.authentication.www.BasicAuthenticationFilter.doFilterInternal(BasicAuthenticationFilter.java:181)
	at org.springframework.web.filter.OncePerRequestFilter.doFilter(OncePerRequestFilter.java:116)
	at org.springframework.security.web.ObservationFilterChainDecorator$ObservationFilter.wrapFilter(ObservationFilterChainDecorator.java:240)
	at org.springframework.security.web.ObservationFilterChainDecorator$ObservationFilter.doFilter(ObservationFilterChainDecorator.java:227)
	at org.springframework.security.web.ObservationFilterChainDecorator$VirtualFilterChain.doFilter(ObservationFilterChainDecorator.java:137)
	at com.galaxy.bakendapirest.filter.JwtValidatorFilter.doFilterInternal(JwtValidatorFilter.java:52)
	at org.springframework.web.filter.OncePerRequestFilter.doFilter(OncePerRequestFilter.java:116)
	at org.springframework.security.web.ObservationFilterChainDecorator$ObservationFilter.wrapFilter(ObservationFilterChainDecorator.java:240)
	at org.springframework.security.web.ObservationFilterChainDecorator$ObservationFilter.doFilter(ObservationFilterChainDecorator.java:227)
	at org.springframework.security.web.ObservationFilterChainDecorator$VirtualFilterChain.doFilter(ObservationFilterChainDecorator.java:137)
	at org.springframework.security.web.authentication.logout.LogoutFilter.doFilter(LogoutFilter.java:107)
	at org.springframework.security.web.authentication.logout.LogoutFilter.doFilter(LogoutFilter.java:93)
	at org.springframework.security.web.ObservationFilterChainDecorator$ObservationFilter.wrapFilter(ObservationFilterChainDecorator.java:240)
	at org.springframework.security.web.ObservationFilterChainDecorator$ObservationFilter.doFilter(ObservationFilterChainDecorator.java:227)
	at org.springframework.security.web.ObservationFilterChainDecorator$VirtualFilterChain.doFilter(ObservationFilterChainDecorator.java:137)
	at org.springframework.security.web.header.HeaderWriterFilter.doHeadersAfter(HeaderWriterFilter.java:90)
	at org.springframework.security.web.header.HeaderWriterFilter.doFilterInternal(HeaderWriterFilter.java:75)
	at org.springframework.web.filter.OncePerRequestFilter.doFilter(OncePerRequestFilter.java:116)
	at org.springframework.security.web.ObservationFilterChainDecorator$ObservationFilter.wrapFilter(ObservationFilterChainDecorator.java:240)
	at org.springframework.security.web.ObservationFilterChainDecorator$ObservationFilter.doFilter(ObservationFilterChainDecorator.java:227)
	at org.springframework.security.web.ObservationFilterChainDecorator$VirtualFilterChain.doFilter(ObservationFilterChainDecorator.java:137)
	at org.springframework.security.web.context.SecurityContextHolderFilter.doFilter(SecurityContextHolderFilter.java:82)
	at org.springframework.security.web.context.SecurityContextHolderFilter.doFilter(SecurityContextHolderFilter.java:69)
	at org.springframework.security.web.ObservationFilterChainDecorator$ObservationFilter.wrapFilter(ObservationFilterChainDecorator.java:240)
	at org.springframework.security.web.ObservationFilterChainDecorator$ObservationFilter.doFilter(ObservationFilterChainDecorator.java:227)
	at org.springframework.security.web.ObservationFilterChainDecorator$VirtualFilterChain.doFilter(ObservationFilterChainDecorator.java:137)
	at org.springframework.security.web.context.request.async.WebAsyncManagerIntegrationFilter.doFilterInternal(WebAsyncManagerIntegrationFilter.java:62)
	at org.springframework.web.filter.OncePerRequestFilter.doFilter(OncePerRequestFilter.java:116)
	at org.springframework.security.web.ObservationFilterChainDecorator$ObservationFilter.wrapFilter(ObservationFilterChainDecorator.java:240)
	at org.springframework.security.web.ObservationFilterChainDecorator$ObservationFilter.doFilter(ObservationFilterChainDecorator.java:227)
	at org.springframework.security.web.ObservationFilterChainDecorator$VirtualFilterChain.doFilter(ObservationFilterChainDecorator.java:137)
	at org.springframework.security.web.session.DisableEncodeUrlFilter.doFilterInternal(DisableEncodeUrlFilter.java:42)
	at org.springframework.web.filter.OncePerRequestFilter.doFilter(OncePerRequestFilter.java:116)
	at org.springframework.security.web.ObservationFilterChainDecorator$ObservationFilter.wrapFilter(ObservationFilterChainDecorator.java:240)
	at org.springframework.security.web.ObservationFilterChainDecorator$AroundFilterObservation$SimpleAroundFilterObservation.lambda$wrap$0(ObservationFilterChainDecorator.java:323)
	at org.springframework.security.web.ObservationFilterChainDecorator$ObservationFilter.doFilter(ObservationFilterChainDecorator.java:224)
	at org.springframework.security.web.ObservationFilterChainDecorator$VirtualFilterChain.doFilter(ObservationFilterChainDecorator.java:137)
	at org.springframework.security.web.FilterChainProxy.doFilterInternal(FilterChainProxy.java:233)
	at org.springframework.security.web.FilterChainProxy.doFilter(FilterChainProxy.java:191)
	at org.springframework.web.filter.CompositeFilter$VirtualFilterChain.doFilter(CompositeFilter.java:113)
	at org.springframework.web.servlet.handler.HandlerMappingIntrospector.lambda$createCacheFilter$3(HandlerMappingIntrospector.java:195)
	at org.springframework.web.filter.CompositeFilter$VirtualFilterChain.doFilter(CompositeFilter.java:113)
	at org.springframework.web.filter.CompositeFilter.doFilter(CompositeFilter.java:74)
	at org.springframework.security.config.annotation.web.configuration.WebMvcSecurityConfiguration$CompositeFilterChainProxy.doFilter(WebMvcSecurityConfiguration.java:230)
	at org.springframework.web.filter.DelegatingFilterProxy.invokeDelegate(DelegatingFilterProxy.java:362)
	at org.springframework.web.filter.DelegatingFilterProxy.doFilter(DelegatingFilterProxy.java:278)
	at org.apache.catalina.core.ApplicationFilterChain.internalDoFilter(ApplicationFilterChain.java:164)
	at org.apache.catalina.core.ApplicationFilterChain.doFilter(ApplicationFilterChain.java:140)
	at org.springframework.web.filter.RequestContextFilter.doFilterInternal(RequestContextFilter.java:100)
	at org.springframework.web.filter.OncePerRequestFilter.doFilter(OncePerRequestFilter.java:116)
	at org.apache.catalina.core.ApplicationFilterChain.internalDoFilter(ApplicationFilterChain.java:164)
	at org.apache.catalina.core.ApplicationFilterChain.doFilter(ApplicationFilterChain.java:140)
	at org.springframework.web.filter.FormContentFilter.doFilterInternal(FormContentFilter.java:93)
	at org.springframework.web.filter.OncePerRequestFilter.doFilter(OncePerRequestFilter.java:116)
	at org.apache.catalina.core.ApplicationFilterChain.internalDoFilter(ApplicationFilterChain.java:164)
	at org.apache.catalina.core.ApplicationFilterChain.doFilter(ApplicationFilterChain.java:140)
	at org.springframework.web.filter.ServerHttpObservationFilter.doFilterInternal(ServerHttpObservationFilter.java:113)
	at org.springframework.web.filter.OncePerRequestFilter.doFilter(OncePerRequestFilter.java:116)
	at org.apache.catalina.core.ApplicationFilterChain.internalDoFilter(ApplicationFilterChain.java:164)
	at org.apache.catalina.core.ApplicationFilterChain.doFilter(ApplicationFilterChain.java:140)
	at org.springframework.web.filter.CharacterEncodingFilter.doFilterInternal(CharacterEncodingFilter.java:201)
	at org.springframework.web.filter.OncePerRequestFilter.doFilter(OncePerRequestFilter.java:116)
	at org.apache.catalina.core.ApplicationFilterChain.internalDoFilter(ApplicationFilterChain.java:164)
	at org.apache.catalina.core.ApplicationFilterChain.doFilter(ApplicationFilterChain.java:140)
	at org.apache.catalina.core.StandardWrapperValve.invoke(StandardWrapperValve.java:167)
	at org.apache.catalina.core.StandardContextValve.invoke(StandardContextValve.java:90)
	at org.apache.catalina.authenticator.AuthenticatorBase.invoke(AuthenticatorBase.java:483)
	at org.apache.catalina.core.StandardHostValve.invoke(StandardHostValve.java:115)
	at org.apache.catalina.valves.ErrorReportValve.invoke(ErrorReportValve.java:93)
	at org.apache.catalina.core.StandardEngineValve.invoke(StandardEngineValve.java:74)
	at org.apache.catalina.connector.CoyoteAdapter.service(CoyoteAdapter.java:344)
	at org.apache.coyote.http11.Http11Processor.service(Http11Processor.java:384)
	at org.apache.coyote.AbstractProcessorLight.process(AbstractProcessorLight.java:63)
	at org.apache.coyote.AbstractProtocol$ConnectionHandler.process(AbstractProtocol.java:905)
	at org.apache.tomcat.util.net.NioEndpoint$SocketProcessor.doRun(NioEndpoint.java:1741)
	at org.apache.tomcat.util.net.SocketProcessorBase.run(SocketProcessorBase.java:52)
	at org.apache.tomcat.util.threads.ThreadPoolExecutor.runWorker(ThreadPoolExecutor.java:1190)
	at org.apache.tomcat.util.threads.ThreadPoolExecutor$Worker.run(ThreadPoolExecutor.java:659)
	at org.apache.tomcat.util.threads.TaskThread$WrappingRunnable.run(TaskThread.java:63)
	at java.base/java.lang.Thread.run(Thread.java:842)
2025-08-01 10:53:44,969 ERROR o.a.j.l.DirectJDKLog [http-nio-3001-exec-8] Servlet.service() for servlet [dispatcherServlet] in context with path [] threw exception [Request processing failed: com.galaxy.bakendapirest.exception.EntityNotFoundException: DocType no found with id 3] with root cause
com.galaxy.bakendapirest.exception.EntityNotFoundException: DocType no found with id 3
	at com.galaxy.bakendapirest.service.impl.UserSeviceImpl.create(UserSeviceImpl.java:32)
	at com.galaxy.bakendapirest.controller.UserController.create(UserController.java:20)
	at java.base/jdk.internal.reflect.NativeMethodAccessorImpl.invoke0(Native Method)
	at java.base/jdk.internal.reflect.NativeMethodAccessorImpl.invoke(NativeMethodAccessorImpl.java:77)
	at java.base/jdk.internal.reflect.DelegatingMethodAccessorImpl.invoke(DelegatingMethodAccessorImpl.java:43)
	at java.base/java.lang.reflect.Method.invoke(Method.java:568)
	at org.springframework.web.method.support.InvocableHandlerMethod.doInvoke(InvocableHandlerMethod.java:255)
	at org.springframework.web.method.support.InvocableHandlerMethod.invokeForRequest(InvocableHandlerMethod.java:188)
	at org.springframework.web.servlet.mvc.method.annotation.ServletInvocableHandlerMethod.invokeAndHandle(ServletInvocableHandlerMethod.java:118)
	at org.springframework.web.servlet.mvc.method.annotation.RequestMappingHandlerAdapter.invokeHandlerMethod(RequestMappingHandlerAdapter.java:926)
	at org.springframework.web.servlet.mvc.method.annotation.RequestMappingHandlerAdapter.handleInternal(RequestMappingHandlerAdapter.java:831)
	at org.springframework.web.servlet.mvc.method.AbstractHandlerMethodAdapter.handle(AbstractHandlerMethodAdapter.java:87)
	at org.springframework.web.servlet.DispatcherServlet.doDispatch(DispatcherServlet.java:1089)
	at org.springframework.web.servlet.DispatcherServlet.doService(DispatcherServlet.java:979)
	at org.springframework.web.servlet.FrameworkServlet.processRequest(FrameworkServlet.java:1014)
	at org.springframework.web.servlet.FrameworkServlet.doPost(FrameworkServlet.java:914)
	at jakarta.servlet.http.HttpServlet.service(HttpServlet.java:590)
	at org.springframework.web.servlet.FrameworkServlet.service(FrameworkServlet.java:885)
	at jakarta.servlet.http.HttpServlet.service(HttpServlet.java:658)
	at org.apache.catalina.core.ApplicationFilterChain.internalDoFilter(ApplicationFilterChain.java:195)
	at org.apache.catalina.core.ApplicationFilterChain.doFilter(ApplicationFilterChain.java:140)
	at org.apache.tomcat.websocket.server.WsFilter.doFilter(WsFilter.java:51)
	at org.apache.catalina.core.ApplicationFilterChain.internalDoFilter(ApplicationFilterChain.java:164)
	at org.apache.catalina.core.ApplicationFilterChain.doFilter(ApplicationFilterChain.java:140)
	at org.springframework.web.filter.CompositeFilter$VirtualFilterChain.doFilter(CompositeFilter.java:108)
	at org.springframework.security.web.FilterChainProxy.lambda$doFilterInternal$3(FilterChainProxy.java:231)
	at org.springframework.security.web.ObservationFilterChainDecorator$FilterObservation$SimpleFilterObservation.lambda$wrap$1(ObservationFilterChainDecorator.java:479)
	at org.springframework.security.web.ObservationFilterChainDecorator$AroundFilterObservation$SimpleAroundFilterObservation.lambda$wrap$1(ObservationFilterChainDecorator.java:340)
	at org.springframework.security.web.ObservationFilterChainDecorator.lambda$wrapSecured$0(ObservationFilterChainDecorator.java:82)
	at org.springframework.security.web.ObservationFilterChainDecorator$VirtualFilterChain.doFilter(ObservationFilterChainDecorator.java:128)
	at org.springframework.security.web.access.intercept.AuthorizationFilter.doFilter(AuthorizationFilter.java:100)
	at org.springframework.security.web.ObservationFilterChainDecorator$ObservationFilter.wrapFilter(ObservationFilterChainDecorator.java:240)
	at org.springframework.security.web.ObservationFilterChainDecorator$ObservationFilter.doFilter(ObservationFilterChainDecorator.java:227)
	at org.springframework.security.web.ObservationFilterChainDecorator$VirtualFilterChain.doFilter(ObservationFilterChainDecorator.java:137)
	at org.springframework.security.web.access.ExceptionTranslationFilter.doFilter(ExceptionTranslationFilter.java:126)
	at org.springframework.security.web.access.ExceptionTranslationFilter.doFilter(ExceptionTranslationFilter.java:120)
	at org.springframework.security.web.ObservationFilterChainDecorator$ObservationFilter.wrapFilter(ObservationFilterChainDecorator.java:240)
	at org.springframework.security.web.ObservationFilterChainDecorator$ObservationFilter.doFilter(ObservationFilterChainDecorator.java:227)
	at org.springframework.security.web.ObservationFilterChainDecorator$VirtualFilterChain.doFilter(ObservationFilterChainDecorator.java:137)
	at org.springframework.security.web.authentication.AnonymousAuthenticationFilter.doFilter(AnonymousAuthenticationFilter.java:100)
	at org.springframework.security.web.ObservationFilterChainDecorator$ObservationFilter.wrapFilter(ObservationFilterChainDecorator.java:240)
	at org.springframework.security.web.ObservationFilterChainDecorator$ObservationFilter.doFilter(ObservationFilterChainDecorator.java:227)
	at org.springframework.security.web.ObservationFilterChainDecorator$VirtualFilterChain.doFilter(ObservationFilterChainDecorator.java:137)
	at org.springframework.security.web.servletapi.SecurityContextHolderAwareRequestFilter.doFilter(SecurityContextHolderAwareRequestFilter.java:179)
	at org.springframework.security.web.ObservationFilterChainDecorator$ObservationFilter.wrapFilter(ObservationFilterChainDecorator.java:240)
	at org.springframework.security.web.ObservationFilterChainDecorator$ObservationFilter.doFilter(ObservationFilterChainDecorator.java:227)
	at org.springframework.security.web.ObservationFilterChainDecorator$VirtualFilterChain.doFilter(ObservationFilterChainDecorator.java:137)
	at org.springframework.security.web.savedrequest.RequestCacheAwareFilter.doFilter(RequestCacheAwareFilter.java:63)
	at org.springframework.security.web.ObservationFilterChainDecorator$ObservationFilter.wrapFilter(ObservationFilterChainDecorator.java:240)
	at org.springframework.security.web.ObservationFilterChainDecorator$ObservationFilter.doFilter(ObservationFilterChainDecorator.java:227)
	at org.springframework.security.web.ObservationFilterChainDecorator$VirtualFilterChain.doFilter(ObservationFilterChainDecorator.java:137)
	at org.springframework.web.filter.OncePerRequestFilter.doFilter(OncePerRequestFilter.java:101)
	at org.springframework.security.web.ObservationFilterChainDecorator$ObservationFilter.wrapFilter(ObservationFilterChainDecorator.java:240)
	at org.springframework.security.web.ObservationFilterChainDecorator$ObservationFilter.doFilter(ObservationFilterChainDecorator.java:227)
	at org.springframework.security.web.ObservationFilterChainDecorator$VirtualFilterChain.doFilter(ObservationFilterChainDecorator.java:137)
	at org.springframework.security.web.authentication.www.BasicAuthenticationFilter.doFilterInternal(BasicAuthenticationFilter.java:181)
	at org.springframework.web.filter.OncePerRequestFilter.doFilter(OncePerRequestFilter.java:116)
	at org.springframework.security.web.ObservationFilterChainDecorator$ObservationFilter.wrapFilter(ObservationFilterChainDecorator.java:240)
	at org.springframework.security.web.ObservationFilterChainDecorator$ObservationFilter.doFilter(ObservationFilterChainDecorator.java:227)
	at org.springframework.security.web.ObservationFilterChainDecorator$VirtualFilterChain.doFilter(ObservationFilterChainDecorator.java:137)
	at com.galaxy.bakendapirest.filter.JwtValidatorFilter.doFilterInternal(JwtValidatorFilter.java:52)
	at org.springframework.web.filter.OncePerRequestFilter.doFilter(OncePerRequestFilter.java:116)
	at org.springframework.security.web.ObservationFilterChainDecorator$ObservationFilter.wrapFilter(ObservationFilterChainDecorator.java:240)
	at org.springframework.security.web.ObservationFilterChainDecorator$ObservationFilter.doFilter(ObservationFilterChainDecorator.java:227)
	at org.springframework.security.web.ObservationFilterChainDecorator$VirtualFilterChain.doFilter(ObservationFilterChainDecorator.java:137)
	at org.springframework.security.web.authentication.logout.LogoutFilter.doFilter(LogoutFilter.java:107)
	at org.springframework.security.web.authentication.logout.LogoutFilter.doFilter(LogoutFilter.java:93)
	at org.springframework.security.web.ObservationFilterChainDecorator$ObservationFilter.wrapFilter(ObservationFilterChainDecorator.java:240)
	at org.springframework.security.web.ObservationFilterChainDecorator$ObservationFilter.doFilter(ObservationFilterChainDecorator.java:227)
	at org.springframework.security.web.ObservationFilterChainDecorator$VirtualFilterChain.doFilter(ObservationFilterChainDecorator.java:137)
	at org.springframework.security.web.header.HeaderWriterFilter.doHeadersAfter(HeaderWriterFilter.java:90)
	at org.springframework.security.web.header.HeaderWriterFilter.doFilterInternal(HeaderWriterFilter.java:75)
	at org.springframework.web.filter.OncePerRequestFilter.doFilter(OncePerRequestFilter.java:116)
	at org.springframework.security.web.ObservationFilterChainDecorator$ObservationFilter.wrapFilter(ObservationFilterChainDecorator.java:240)
	at org.springframework.security.web.ObservationFilterChainDecorator$ObservationFilter.doFilter(ObservationFilterChainDecorator.java:227)
	at org.springframework.security.web.ObservationFilterChainDecorator$VirtualFilterChain.doFilter(ObservationFilterChainDecorator.java:137)
	at org.springframework.security.web.context.SecurityContextHolderFilter.doFilter(SecurityContextHolderFilter.java:82)
	at org.springframework.security.web.context.SecurityContextHolderFilter.doFilter(SecurityContextHolderFilter.java:69)
	at org.springframework.security.web.ObservationFilterChainDecorator$ObservationFilter.wrapFilter(ObservationFilterChainDecorator.java:240)
	at org.springframework.security.web.ObservationFilterChainDecorator$ObservationFilter.doFilter(ObservationFilterChainDecorator.java:227)
	at org.springframework.security.web.ObservationFilterChainDecorator$VirtualFilterChain.doFilter(ObservationFilterChainDecorator.java:137)
	at org.springframework.security.web.context.request.async.WebAsyncManagerIntegrationFilter.doFilterInternal(WebAsyncManagerIntegrationFilter.java:62)
	at org.springframework.web.filter.OncePerRequestFilter.doFilter(OncePerRequestFilter.java:116)
	at org.springframework.security.web.ObservationFilterChainDecorator$ObservationFilter.wrapFilter(ObservationFilterChainDecorator.java:240)
	at org.springframework.security.web.ObservationFilterChainDecorator$ObservationFilter.doFilter(ObservationFilterChainDecorator.java:227)
	at org.springframework.security.web.ObservationFilterChainDecorator$VirtualFilterChain.doFilter(ObservationFilterChainDecorator.java:137)
	at org.springframework.security.web.session.DisableEncodeUrlFilter.doFilterInternal(DisableEncodeUrlFilter.java:42)
	at org.springframework.web.filter.OncePerRequestFilter.doFilter(OncePerRequestFilter.java:116)
	at org.springframework.security.web.ObservationFilterChainDecorator$ObservationFilter.wrapFilter(ObservationFilterChainDecorator.java:240)
	at org.springframework.security.web.ObservationFilterChainDecorator$AroundFilterObservation$SimpleAroundFilterObservation.lambda$wrap$0(ObservationFilterChainDecorator.java:323)
	at org.springframework.security.web.ObservationFilterChainDecorator$ObservationFilter.doFilter(ObservationFilterChainDecorator.java:224)
	at org.springframework.security.web.ObservationFilterChainDecorator$VirtualFilterChain.doFilter(ObservationFilterChainDecorator.java:137)
	at org.springframework.security.web.FilterChainProxy.doFilterInternal(FilterChainProxy.java:233)
	at org.springframework.security.web.FilterChainProxy.doFilter(FilterChainProxy.java:191)
	at org.springframework.web.filter.CompositeFilter$VirtualFilterChain.doFilter(CompositeFilter.java:113)
	at org.springframework.web.servlet.handler.HandlerMappingIntrospector.lambda$createCacheFilter$3(HandlerMappingIntrospector.java:195)
	at org.springframework.web.filter.CompositeFilter$VirtualFilterChain.doFilter(CompositeFilter.java:113)
	at org.springframework.web.filter.CompositeFilter.doFilter(CompositeFilter.java:74)
	at org.springframework.security.config.annotation.web.configuration.WebMvcSecurityConfiguration$CompositeFilterChainProxy.doFilter(WebMvcSecurityConfiguration.java:230)
	at org.springframework.web.filter.DelegatingFilterProxy.invokeDelegate(DelegatingFilterProxy.java:362)
	at org.springframework.web.filter.DelegatingFilterProxy.doFilter(DelegatingFilterProxy.java:278)
	at org.apache.catalina.core.ApplicationFilterChain.internalDoFilter(ApplicationFilterChain.java:164)
	at org.apache.catalina.core.ApplicationFilterChain.doFilter(ApplicationFilterChain.java:140)
	at org.springframework.web.filter.RequestContextFilter.doFilterInternal(RequestContextFilter.java:100)
	at org.springframework.web.filter.OncePerRequestFilter.doFilter(OncePerRequestFilter.java:116)
	at org.apache.catalina.core.ApplicationFilterChain.internalDoFilter(ApplicationFilterChain.java:164)
	at org.apache.catalina.core.ApplicationFilterChain.doFilter(ApplicationFilterChain.java:140)
	at org.springframework.web.filter.FormContentFilter.doFilterInternal(FormContentFilter.java:93)
	at org.springframework.web.filter.OncePerRequestFilter.doFilter(OncePerRequestFilter.java:116)
	at org.apache.catalina.core.ApplicationFilterChain.internalDoFilter(ApplicationFilterChain.java:164)
	at org.apache.catalina.core.ApplicationFilterChain.doFilter(ApplicationFilterChain.java:140)
	at org.springframework.web.filter.ServerHttpObservationFilter.doFilterInternal(ServerHttpObservationFilter.java:113)
	at org.springframework.web.filter.OncePerRequestFilter.doFilter(OncePerRequestFilter.java:116)
	at org.apache.catalina.core.ApplicationFilterChain.internalDoFilter(ApplicationFilterChain.java:164)
	at org.apache.catalina.core.ApplicationFilterChain.doFilter(ApplicationFilterChain.java:140)
	at org.springframework.web.filter.CharacterEncodingFilter.doFilterInternal(CharacterEncodingFilter.java:201)
	at org.springframework.web.filter.OncePerRequestFilter.doFilter(OncePerRequestFilter.java:116)
	at org.apache.catalina.core.ApplicationFilterChain.internalDoFilter(ApplicationFilterChain.java:164)
	at org.apache.catalina.core.ApplicationFilterChain.doFilter(ApplicationFilterChain.java:140)
	at org.apache.catalina.core.StandardWrapperValve.invoke(StandardWrapperValve.java:167)
	at org.apache.catalina.core.StandardContextValve.invoke(StandardContextValve.java:90)
	at org.apache.catalina.authenticator.AuthenticatorBase.invoke(AuthenticatorBase.java:483)
	at org.apache.catalina.core.StandardHostValve.invoke(StandardHostValve.java:115)
	at org.apache.catalina.valves.ErrorReportValve.invoke(ErrorReportValve.java:93)
	at org.apache.catalina.core.StandardEngineValve.invoke(StandardEngineValve.java:74)
	at org.apache.catalina.connector.CoyoteAdapter.service(CoyoteAdapter.java:344)
	at org.apache.coyote.http11.Http11Processor.service(Http11Processor.java:384)
	at org.apache.coyote.AbstractProcessorLight.process(AbstractProcessorLight.java:63)
	at org.apache.coyote.AbstractProtocol$ConnectionHandler.process(AbstractProtocol.java:905)
	at org.apache.tomcat.util.net.NioEndpoint$SocketProcessor.doRun(NioEndpoint.java:1741)
	at org.apache.tomcat.util.net.SocketProcessorBase.run(SocketProcessorBase.java:52)
	at org.apache.tomcat.util.threads.ThreadPoolExecutor.runWorker(ThreadPoolExecutor.java:1190)
	at org.apache.tomcat.util.threads.ThreadPoolExecutor$Worker.run(ThreadPoolExecutor.java:659)
	at org.apache.tomcat.util.threads.TaskThread$WrappingRunnable.run(TaskThread.java:63)
	at java.base/java.lang.Thread.run(Thread.java:842)
2025-08-01 10:59:23,792 INFO o.s.a.AbstractOpenApiResource [http-nio-3001-exec-2] Init duration for springdoc-openapi is: 156 ms
2025-08-01 11:15:51,391 INFO o.s.o.j.AbstractEntityManagerFactoryBean [SpringApplicationShutdownHook] Closing JPA EntityManagerFactory for persistence unit 'default'
2025-08-01 11:15:51,393 INFO c.z.h.HikariDataSource [SpringApplicationShutdownHook] HikariPool-1 - Shutdown initiated...
2025-08-01 11:15:51,398 INFO c.z.h.HikariDataSource [SpringApplicationShutdownHook] HikariPool-1 - Shutdown completed.
2025-08-01 11:16:09,722 INFO o.h.v.i.u.Version [background-preinit] HV000001: Hibernate Validator 8.0.1.Final
2025-08-01 11:16:09,761 INFO o.s.b.StartupInfoLogger [restartedMain] Starting BakendApiRestApplication using Java 17.0.9 with PID 1636 (C:\Users\USER\Documents\Sprint Boot\bakend-api-rest\bakend-api-rest\target\classes started by USER in C:\Users\USER\Documents\Sprint Boot\bakend-api-rest\bakend-api-rest)
2025-08-01 11:16:09,762 INFO o.s.b.SpringApplication [restartedMain] The following 1 profile is active: "prd"
2025-08-01 11:16:09,799 INFO o.s.b.l.DeferredLog [restartedMain] Devtools property defaults active! Set 'spring.devtools.add-properties' to 'false' to disable
2025-08-01 11:16:09,800 INFO o.s.b.l.DeferredLog [restartedMain] For additional web related logging consider setting the 'logging.level.web' property to 'DEBUG'
2025-08-01 11:16:10,786 INFO o.s.d.r.c.RepositoryConfigurationDelegate [restartedMain] Bootstrapping Spring Data JPA repositories in DEFAULT mode.
2025-08-01 11:16:10,835 INFO o.s.d.r.c.RepositoryConfigurationDelegate [restartedMain] Finished Spring Data repository scanning in 43 ms. Found 4 JPA repository interfaces.
2025-08-01 11:16:11,740 INFO o.s.b.w.e.t.TomcatWebServer [restartedMain] Tomcat initialized with port 3001 (http)
2025-08-01 11:16:11,750 INFO o.a.j.l.DirectJDKLog [restartedMain] Initializing ProtocolHandler ["http-nio-3001"]
2025-08-01 11:16:11,756 INFO o.a.j.l.DirectJDKLog [restartedMain] Starting service [Tomcat]
2025-08-01 11:16:11,757 INFO o.a.j.l.DirectJDKLog [restartedMain] Starting Servlet engine: [Apache Tomcat/10.1.31]
2025-08-01 11:16:11,825 INFO o.a.j.l.DirectJDKLog [restartedMain] Initializing Spring embedded WebApplicationContext
2025-08-01 11:16:11,826 INFO o.s.b.w.s.c.ServletWebServerApplicationContext [restartedMain] Root WebApplicationContext: initialization completed in 2026 ms
2025-08-01 11:16:12,340 WARN o.f.c.i.l.s.Slf4jLog [restartedMain] Discarding duplicate location 'classpath:db/migrations'
2025-08-01 11:16:12,356 INFO c.z.h.HikariDataSource [restartedMain] HikariPool-1 - Starting...
2025-08-01 11:16:12,492 INFO c.z.h.p.HikariPool [restartedMain] HikariPool-1 - Added connection org.postgresql.jdbc.PgConnection@1d422e0f
2025-08-01 11:16:12,493 INFO c.z.h.HikariDataSource [restartedMain] HikariPool-1 - Start completed.
2025-08-01 11:16:12,519 INFO o.f.c.i.l.s.Slf4jLog [restartedMain] Database: jdbc:postgresql://localhost:5432/ccunsa_prd (PostgreSQL 16.4)
2025-08-01 11:16:12,560 INFO o.f.c.i.l.s.Slf4jLog [restartedMain] Successfully validated 4 migrations (execution time 00:00.026s)
2025-08-01 11:16:12,613 INFO o.f.c.i.l.s.Slf4jLog [restartedMain] Current version of schema "ccunsa": 2.2
2025-08-01 11:16:12,621 INFO o.f.c.i.l.s.Slf4jLog [restartedMain] Schema "ccunsa" is up to date. No migration necessary.
2025-08-01 11:16:12,743 INFO o.h.j.i.u.LogHelper [restartedMain] HHH000204: Processing PersistenceUnitInfo [name: default]
2025-08-01 11:16:12,815 INFO o.h.Version [restartedMain] HHH000412: Hibernate ORM core version 6.5.3.Final
2025-08-01 11:16:12,852 INFO o.h.c.i.RegionFactoryInitiator [restartedMain] HHH000026: Second-level cache disabled
2025-08-01 11:16:13,082 INFO o.s.o.j.p.SpringPersistenceUnitInfo [restartedMain] No LoadTimeWeaver setup: ignoring JPA class transformer
2025-08-01 11:16:13,837 INFO o.h.e.t.j.p.i.JtaPlatformInitiator [restartedMain] HHH000489: No JTA platform available (set 'hibernate.transaction.jta.platform' to enable JTA platform integration)
2025-08-01 11:16:13,839 INFO o.s.o.j.AbstractEntityManagerFactoryBean [restartedMain] Initialized JPA EntityManagerFactory for persistence unit 'default'
2025-08-01 11:16:14,377 WARN o.s.b.a.o.j.JpaBaseConfiguration$JpaWebConfiguration [restartedMain] spring.jpa.open-in-view is enabled by default. Therefore, database queries may be performed during view rendering. Explicitly configure spring.jpa.open-in-view to disable this warning
2025-08-01 11:16:14,444 INFO o.s.s.c.a.a.c.InitializeUserDetailsBeanManagerConfigurer$InitializeUserDetailsManagerConfigurer [restartedMain] Global AuthenticationManager configured with UserDetailsService bean with name projectUserDetailService
2025-08-01 11:16:14,873 INFO o.s.b.a.e.w.EndpointLinksResolver [restartedMain] Exposing 1 endpoint beneath base path '/actuator'
2025-08-01 11:16:15,478 INFO o.s.b.d.a.OptionalLiveReloadServer [restartedMain] LiveReload server is running on port 35729
2025-08-01 11:16:15,514 INFO o.a.j.l.DirectJDKLog [restartedMain] Starting ProtocolHandler ["http-nio-3001"]
2025-08-01 11:16:15,528 INFO o.s.b.w.e.t.TomcatWebServer [restartedMain] Tomcat started on port 3001 (http) with context path '/'
2025-08-01 11:16:15,543 INFO o.s.b.StartupInfoLogger [restartedMain] Started BakendApiRestApplication in 6.252 seconds (process running for 6.698)
2025-08-01 11:16:20,904 INFO o.a.j.l.DirectJDKLog [http-nio-3001-exec-1] Initializing Spring DispatcherServlet 'dispatcherServlet'
2025-08-01 11:16:20,904 INFO o.s.w.s.FrameworkServlet [http-nio-3001-exec-1] Initializing Servlet 'dispatcherServlet'
2025-08-01 11:16:20,905 INFO o.s.w.s.FrameworkServlet [http-nio-3001-exec-1] Completed initialization in 0 ms
2025-08-01 11:19:39,401 INFO o.s.o.j.AbstractEntityManagerFactoryBean [SpringApplicationShutdownHook] Closing JPA EntityManagerFactory for persistence unit 'default'
2025-08-01 11:19:39,404 INFO c.z.h.HikariDataSource [SpringApplicationShutdownHook] HikariPool-1 - Shutdown initiated...
2025-08-01 11:19:39,407 INFO c.z.h.HikariDataSource [SpringApplicationShutdownHook] HikariPool-1 - Shutdown completed.
2025-08-01 11:20:32,637 INFO o.h.v.i.u.Version [background-preinit] HV000001: Hibernate Validator 8.0.1.Final
2025-08-01 11:20:32,673 INFO o.s.b.StartupInfoLogger [restartedMain] Starting BakendApiRestApplication using Java 17.0.9 with PID 16508 (C:\Users\USER\Documents\Sprint Boot\bakend-api-rest\bakend-api-rest\target\classes started by USER in C:\Users\USER\Documents\Sprint Boot\bakend-api-rest\bakend-api-rest)
2025-08-01 11:20:32,674 INFO o.s.b.SpringApplication [restartedMain] The following 1 profile is active: "prd"
2025-08-01 11:20:32,713 INFO o.s.b.l.DeferredLog [restartedMain] Devtools property defaults active! Set 'spring.devtools.add-properties' to 'false' to disable
2025-08-01 11:20:32,713 INFO o.s.b.l.DeferredLog [restartedMain] For additional web related logging consider setting the 'logging.level.web' property to 'DEBUG'
2025-08-01 11:20:33,700 INFO o.s.d.r.c.RepositoryConfigurationDelegate [restartedMain] Bootstrapping Spring Data JPA repositories in DEFAULT mode.
2025-08-01 11:20:33,748 INFO o.s.d.r.c.RepositoryConfigurationDelegate [restartedMain] Finished Spring Data repository scanning in 42 ms. Found 4 JPA repository interfaces.
2025-08-01 11:20:34,722 INFO o.s.b.w.e.t.TomcatWebServer [restartedMain] Tomcat initialized with port 3001 (http)
2025-08-01 11:20:34,733 INFO o.a.j.l.DirectJDKLog [restartedMain] Initializing ProtocolHandler ["http-nio-3001"]
2025-08-01 11:20:34,736 INFO o.a.j.l.DirectJDKLog [restartedMain] Starting service [Tomcat]
2025-08-01 11:20:34,737 INFO o.a.j.l.DirectJDKLog [restartedMain] Starting Servlet engine: [Apache Tomcat/10.1.31]
2025-08-01 11:20:34,798 INFO o.a.j.l.DirectJDKLog [restartedMain] Initializing Spring embedded WebApplicationContext
2025-08-01 11:20:34,799 INFO o.s.b.w.s.c.ServletWebServerApplicationContext [restartedMain] Root WebApplicationContext: initialization completed in 2086 ms
2025-08-01 11:20:35,406 WARN o.f.c.i.l.s.Slf4jLog [restartedMain] Discarding duplicate location 'classpath:db/migrations'
2025-08-01 11:20:35,420 INFO c.z.h.HikariDataSource [restartedMain] HikariPool-1 - Starting...
2025-08-01 11:20:35,568 INFO c.z.h.p.HikariPool [restartedMain] HikariPool-1 - Added connection org.postgresql.jdbc.PgConnection@7652cc6f
2025-08-01 11:20:35,569 INFO c.z.h.HikariDataSource [restartedMain] HikariPool-1 - Start completed.
2025-08-01 11:20:35,594 INFO o.f.c.i.l.s.Slf4jLog [restartedMain] Database: jdbc:postgresql://localhost:5432/ccunsa_prd (PostgreSQL 16.4)
2025-08-01 11:20:35,640 INFO o.f.c.i.l.s.Slf4jLog [restartedMain] Successfully validated 4 migrations (execution time 00:00.031s)
2025-08-01 11:20:35,687 INFO o.f.c.i.l.s.Slf4jLog [restartedMain] Current version of schema "ccunsa": 2.2
2025-08-01 11:20:35,695 INFO o.f.c.i.l.s.Slf4jLog [restartedMain] Schema "ccunsa" is up to date. No migration necessary.
2025-08-01 11:20:35,833 INFO o.h.j.i.u.LogHelper [restartedMain] HHH000204: Processing PersistenceUnitInfo [name: default]
2025-08-01 11:20:35,884 INFO o.h.Version [restartedMain] HHH000412: Hibernate ORM core version 6.5.3.Final
2025-08-01 11:20:35,914 INFO o.h.c.i.RegionFactoryInitiator [restartedMain] HHH000026: Second-level cache disabled
2025-08-01 11:20:36,119 INFO o.s.o.j.p.SpringPersistenceUnitInfo [restartedMain] No LoadTimeWeaver setup: ignoring JPA class transformer
2025-08-01 11:20:36,878 INFO o.h.e.t.j.p.i.JtaPlatformInitiator [restartedMain] HHH000489: No JTA platform available (set 'hibernate.transaction.jta.platform' to enable JTA platform integration)
2025-08-01 11:20:36,881 INFO o.s.o.j.AbstractEntityManagerFactoryBean [restartedMain] Initialized JPA EntityManagerFactory for persistence unit 'default'
2025-08-01 11:20:37,469 WARN o.s.b.a.o.j.JpaBaseConfiguration$JpaWebConfiguration [restartedMain] spring.jpa.open-in-view is enabled by default. Therefore, database queries may be performed during view rendering. Explicitly configure spring.jpa.open-in-view to disable this warning
2025-08-01 11:20:37,531 INFO o.s.s.c.a.a.c.InitializeUserDetailsBeanManagerConfigurer$InitializeUserDetailsManagerConfigurer [restartedMain] Global AuthenticationManager configured with UserDetailsService bean with name projectUserDetailService
2025-08-01 11:20:37,963 INFO o.s.b.a.e.w.EndpointLinksResolver [restartedMain] Exposing 1 endpoint beneath base path '/actuator'
2025-08-01 11:20:38,595 INFO o.s.b.d.a.OptionalLiveReloadServer [restartedMain] LiveReload server is running on port 35729
2025-08-01 11:20:38,632 INFO o.a.j.l.DirectJDKLog [restartedMain] Starting ProtocolHandler ["http-nio-3001"]
2025-08-01 11:20:38,646 INFO o.s.b.w.e.t.TomcatWebServer [restartedMain] Tomcat started on port 3001 (http) with context path '/'
2025-08-01 11:20:38,661 INFO o.s.b.StartupInfoLogger [restartedMain] Started BakendApiRestApplication in 6.44 seconds (process running for 6.837)
2025-08-01 11:20:42,113 INFO o.a.j.l.DirectJDKLog [http-nio-3001-exec-2] Initializing Spring DispatcherServlet 'dispatcherServlet'
2025-08-01 11:20:42,113 INFO o.s.w.s.FrameworkServlet [http-nio-3001-exec-2] Initializing Servlet 'dispatcherServlet'
2025-08-01 11:20:42,114 INFO o.s.w.s.FrameworkServlet [http-nio-3001-exec-2] Completed initialization in 1 ms
2025-08-01 11:32:38,010 INFO o.s.o.j.AbstractEntityManagerFactoryBean [SpringApplicationShutdownHook] Closing JPA EntityManagerFactory for persistence unit 'default'
2025-08-01 11:32:38,013 INFO c.z.h.HikariDataSource [SpringApplicationShutdownHook] HikariPool-1 - Shutdown initiated...
2025-08-01 11:32:38,017 INFO c.z.h.HikariDataSource [SpringApplicationShutdownHook] HikariPool-1 - Shutdown completed.
2025-08-01 11:37:36,171 INFO o.h.v.i.u.Version [background-preinit] HV000001: Hibernate Validator 8.0.1.Final
2025-08-01 11:37:36,211 INFO o.s.b.StartupInfoLogger [restartedMain] Starting BakendApiRestApplication using Java 17.0.9 with PID 12484 (C:\Users\USER\Documents\Sprint Boot\bakend-api-rest\bakend-api-rest\target\classes started by USER in C:\Users\USER\Documents\Sprint Boot\bakend-api-rest\bakend-api-rest)
2025-08-01 11:37:36,212 INFO o.s.b.SpringApplication [restartedMain] No active profile set, falling back to 1 default profile: "default"
2025-08-01 11:37:36,247 INFO o.s.b.l.DeferredLog [restartedMain] Devtools property defaults active! Set 'spring.devtools.add-properties' to 'false' to disable
2025-08-01 11:37:36,247 INFO o.s.b.l.DeferredLog [restartedMain] For additional web related logging consider setting the 'logging.level.web' property to 'DEBUG'
2025-08-01 11:37:37,312 INFO o.s.d.r.c.RepositoryConfigurationDelegate [restartedMain] Bootstrapping Spring Data JPA repositories in DEFAULT mode.
2025-08-01 11:37:37,368 INFO o.s.d.r.c.RepositoryConfigurationDelegate [restartedMain] Finished Spring Data repository scanning in 49 ms. Found 4 JPA repository interfaces.
2025-08-01 11:37:38,310 INFO o.s.b.w.e.t.TomcatWebServer [restartedMain] Tomcat initialized with port 3001 (http)
2025-08-01 11:37:38,322 INFO o.a.j.l.DirectJDKLog [restartedMain] Initializing ProtocolHandler ["http-nio-3001"]
2025-08-01 11:37:38,327 INFO o.a.j.l.DirectJDKLog [restartedMain] Starting service [Tomcat]
2025-08-01 11:37:38,327 INFO o.a.j.l.DirectJDKLog [restartedMain] Starting Servlet engine: [Apache Tomcat/10.1.31]
2025-08-01 11:37:38,389 INFO o.a.j.l.DirectJDKLog [restartedMain] Initializing Spring embedded WebApplicationContext
2025-08-01 11:37:38,390 INFO o.s.b.w.s.c.ServletWebServerApplicationContext [restartedMain] Root WebApplicationContext: initialization completed in 2141 ms
2025-08-01 11:37:38,885 WARN o.f.c.i.l.s.Slf4jLog [restartedMain] Discarding duplicate location 'classpath:db/migrations'
2025-08-01 11:37:38,909 INFO c.z.h.HikariDataSource [restartedMain] HikariPool-1 - Starting...
2025-08-01 11:37:39,121 INFO c.z.h.p.HikariPool [restartedMain] HikariPool-1 - Added connection org.postgresql.jdbc.PgConnection@51dbf98d
2025-08-01 11:37:39,123 INFO c.z.h.HikariDataSource [restartedMain] HikariPool-1 - Start completed.
2025-08-01 11:37:39,155 INFO o.f.c.i.l.s.Slf4jLog [restartedMain] Database: jdbc:postgresql://localhost:5432/ccunsa (PostgreSQL 16.4)
2025-08-01 11:37:39,207 INFO o.f.c.i.l.s.Slf4jLog [restartedMain] Successfully validated 4 migrations (execution time 00:00.032s)
2025-08-01 11:37:39,262 INFO o.f.c.i.l.s.Slf4jLog [restartedMain] Current version of schema "ccunsa": 2.2
2025-08-01 11:37:39,269 INFO o.f.c.i.l.s.Slf4jLog [restartedMain] Schema "ccunsa" is up to date. No migration necessary.
2025-08-01 11:37:39,403 INFO o.h.j.i.u.LogHelper [restartedMain] HHH000204: Processing PersistenceUnitInfo [name: default]
2025-08-01 11:37:39,484 INFO o.h.Version [restartedMain] HHH000412: Hibernate ORM core version 6.5.3.Final
2025-08-01 11:37:39,527 INFO o.h.c.i.RegionFactoryInitiator [restartedMain] HHH000026: Second-level cache disabled
2025-08-01 11:37:39,745 INFO o.s.o.j.p.SpringPersistenceUnitInfo [restartedMain] No LoadTimeWeaver setup: ignoring JPA class transformer
2025-08-01 11:37:40,556 INFO o.h.e.t.j.p.i.JtaPlatformInitiator [restartedMain] HHH000489: No JTA platform available (set 'hibernate.transaction.jta.platform' to enable JTA platform integration)
2025-08-01 11:37:40,558 INFO o.s.o.j.AbstractEntityManagerFactoryBean [restartedMain] Initialized JPA EntityManagerFactory for persistence unit 'default'
2025-08-01 11:37:41,048 WARN o.s.b.a.o.j.JpaBaseConfiguration$JpaWebConfiguration [restartedMain] spring.jpa.open-in-view is enabled by default. Therefore, database queries may be performed during view rendering. Explicitly configure spring.jpa.open-in-view to disable this warning
2025-08-01 11:37:41,103 INFO o.s.s.c.a.a.c.InitializeUserDetailsBeanManagerConfigurer$InitializeUserDetailsManagerConfigurer [restartedMain] Global AuthenticationManager configured with UserDetailsService bean with name projectUserDetailService
2025-08-01 11:37:41,689 INFO o.s.b.a.e.w.EndpointLinksResolver [restartedMain] Exposing 15 endpoints beneath base path '/actuator'
2025-08-01 11:37:42,428 INFO o.s.b.d.a.OptionalLiveReloadServer [restartedMain] LiveReload server is running on port 35729
2025-08-01 11:37:42,466 INFO o.a.j.l.DirectJDKLog [restartedMain] Starting ProtocolHandler ["http-nio-3001"]
2025-08-01 11:37:42,481 INFO o.s.b.w.e.t.TomcatWebServer [restartedMain] Tomcat started on port 3001 (http) with context path '/'
2025-08-01 11:37:42,496 INFO o.s.b.StartupInfoLogger [restartedMain] Started BakendApiRestApplication in 6.717 seconds (process running for 7.125)
2025-08-01 11:37:50,061 INFO o.a.j.l.DirectJDKLog [http-nio-3001-exec-1] Initializing Spring DispatcherServlet 'dispatcherServlet'
2025-08-01 11:37:50,061 INFO o.s.w.s.FrameworkServlet [http-nio-3001-exec-1] Initializing Servlet 'dispatcherServlet'
2025-08-01 11:37:50,062 INFO o.s.w.s.FrameworkServlet [http-nio-3001-exec-1] Completed initialization in 1 ms
2025-08-01 11:37:50,296 WARN o.h.e.j.s.SqlExceptionHelper [http-nio-3001-exec-1] SQL Error: 0, SQLState: 42P01
2025-08-01 11:37:50,297 ERROR o.h.e.j.s.SqlExceptionHelper [http-nio-3001-exec-1] ERROR: no existe la relación «doc_type»
  Position: 142
2025-08-01 11:37:50,299 INFO o.h.e.i.DefaultLoadEventListener [http-nio-3001-exec-1] HHH000327: Error performing load command
org.hibernate.exception.SQLGrammarException: JDBC exception executing SQL [select dte1_0.id,dte1_0.activate,dte1_0.created_at,dte1_0.created_by,dte1_0.description,dte1_0.name,dte1_0.updated_at,dte1_0.updated_by from doc_type dte1_0 where dte1_0.id=?] [ERROR: no existe la relación «doc_type»
  Position: 142] [n/a]
	at org.hibernate.exception.internal.SQLStateConversionDelegate.convert(SQLStateConversionDelegate.java:91)
	at org.hibernate.exception.internal.StandardSQLExceptionConverter.convert(StandardSQLExceptionConverter.java:58)
	at org.hibernate.engine.jdbc.spi.SqlExceptionHelper.convert(SqlExceptionHelper.java:108)
	at org.hibernate.engine.jdbc.spi.SqlExceptionHelper.convert(SqlExceptionHelper.java:94)
	at org.hibernate.sql.results.jdbc.internal.DeferredResultSetAccess.executeQuery(DeferredResultSetAccess.java:264)
	at org.hibernate.sql.results.jdbc.internal.DeferredResultSetAccess.getResultSet(DeferredResultSetAccess.java:167)
	at org.hibernate.sql.results.jdbc.internal.JdbcValuesResultSetImpl.advanceNext(JdbcValuesResultSetImpl.java:265)
	at org.hibernate.sql.results.jdbc.internal.JdbcValuesResultSetImpl.processNext(JdbcValuesResultSetImpl.java:145)
	at org.hibernate.sql.results.jdbc.internal.AbstractJdbcValues.next(AbstractJdbcValues.java:19)
	at org.hibernate.sql.results.internal.RowProcessingStateStandardImpl.next(RowProcessingStateStandardImpl.java:67)
	at org.hibernate.sql.results.spi.ListResultsConsumer.consume(ListResultsConsumer.java:189)
	at org.hibernate.sql.results.spi.ListResultsConsumer.consume(ListResultsConsumer.java:33)
	at org.hibernate.sql.exec.internal.JdbcSelectExecutorStandardImpl.doExecuteQuery(JdbcSelectExecutorStandardImpl.java:211)
	at org.hibernate.sql.exec.internal.JdbcSelectExecutorStandardImpl.executeQuery(JdbcSelectExecutorStandardImpl.java:83)
	at org.hibernate.sql.exec.spi.JdbcSelectExecutor.list(JdbcSelectExecutor.java:76)
	at org.hibernate.sql.exec.spi.JdbcSelectExecutor.list(JdbcSelectExecutor.java:65)
	at org.hibernate.loader.ast.internal.SingleIdLoadPlan.load(SingleIdLoadPlan.java:145)
	at org.hibernate.loader.ast.internal.SingleIdLoadPlan.load(SingleIdLoadPlan.java:117)
	at org.hibernate.loader.ast.internal.SingleIdEntityLoaderStandardImpl.load(SingleIdEntityLoaderStandardImpl.java:75)
	at org.hibernate.persister.entity.AbstractEntityPersister.doLoad(AbstractEntityPersister.java:3740)
	at org.hibernate.persister.entity.AbstractEntityPersister.load(AbstractEntityPersister.java:3729)
	at org.hibernate.event.internal.DefaultLoadEventListener.loadFromDatasource(DefaultLoadEventListener.java:604)
	at org.hibernate.event.internal.DefaultLoadEventListener.loadFromCacheOrDatasource(DefaultLoadEventListener.java:590)
	at org.hibernate.event.internal.DefaultLoadEventListener.load(DefaultLoadEventListener.java:560)
	at org.hibernate.event.internal.DefaultLoadEventListener.doLoad(DefaultLoadEventListener.java:544)
	at org.hibernate.event.internal.DefaultLoadEventListener.load(DefaultLoadEventListener.java:207)
	at org.hibernate.event.internal.DefaultLoadEventListener.loadWithRegularProxy(DefaultLoadEventListener.java:290)
	at org.hibernate.event.internal.DefaultLoadEventListener.proxyOrLoad(DefaultLoadEventListener.java:242)
	at org.hibernate.event.internal.DefaultLoadEventListener.doOnLoad(DefaultLoadEventListener.java:111)
	at org.hibernate.event.internal.DefaultLoadEventListener.onLoad(DefaultLoadEventListener.java:68)
	at org.hibernate.event.service.internal.EventListenerGroupImpl.fireEventOnEachListener(EventListenerGroupImpl.java:138)
	at org.hibernate.internal.SessionImpl.fireLoadNoChecks(SessionImpl.java:1225)
	at org.hibernate.internal.SessionImpl.internalLoad(SessionImpl.java:1071)
	at org.hibernate.sql.results.graph.entity.internal.EntitySelectFetchInitializer.initializeInstance(EntitySelectFetchInitializer.java:215)
	at org.hibernate.sql.results.internal.InitializersList.initializeInstance(InitializersList.java:73)
	at org.hibernate.sql.results.internal.StandardRowReader.coordinateInitializers(StandardRowReader.java:113)
	at org.hibernate.sql.results.internal.StandardRowReader.readRow(StandardRowReader.java:87)
	at org.hibernate.sql.results.spi.ListResultsConsumer.consume(ListResultsConsumer.java:205)
	at org.hibernate.sql.results.spi.ListResultsConsumer.consume(ListResultsConsumer.java:33)
	at org.hibernate.sql.exec.internal.JdbcSelectExecutorStandardImpl.doExecuteQuery(JdbcSelectExecutorStandardImpl.java:211)
	at org.hibernate.sql.exec.internal.JdbcSelectExecutorStandardImpl.executeQuery(JdbcSelectExecutorStandardImpl.java:83)
	at org.hibernate.sql.exec.spi.JdbcSelectExecutor.list(JdbcSelectExecutor.java:76)
	at org.hibernate.sql.exec.spi.JdbcSelectExecutor.list(JdbcSelectExecutor.java:65)
	at org.hibernate.query.sqm.internal.ConcreteSqmSelectQueryPlan.lambda$new$2(ConcreteSqmSelectQueryPlan.java:139)
	at org.hibernate.query.sqm.internal.ConcreteSqmSelectQueryPlan.withCacheableSqmInterpretation(ConcreteSqmSelectQueryPlan.java:382)
	at org.hibernate.query.sqm.internal.ConcreteSqmSelectQueryPlan.performList(ConcreteSqmSelectQueryPlan.java:302)
	at org.hibernate.query.sqm.internal.QuerySqmImpl.doList(QuerySqmImpl.java:526)
	at org.hibernate.query.spi.AbstractSelectionQuery.list(AbstractSelectionQuery.java:423)
	at org.hibernate.query.spi.AbstractSelectionQuery.getSingleResult(AbstractSelectionQuery.java:555)
	at java.base/jdk.internal.reflect.NativeMethodAccessorImpl.invoke0(Native Method)
	at java.base/jdk.internal.reflect.NativeMethodAccessorImpl.invoke(NativeMethodAccessorImpl.java:77)
	at java.base/jdk.internal.reflect.DelegatingMethodAccessorImpl.invoke(DelegatingMethodAccessorImpl.java:43)
	at java.base/java.lang.reflect.Method.invoke(Method.java:568)
	at org.springframework.orm.jpa.SharedEntityManagerCreator$DeferredQueryInvocationHandler.invoke(SharedEntityManagerCreator.java:418)
	at jdk.proxy4/jdk.proxy4.$Proxy196.getSingleResult(Unknown Source)
	at org.springframework.data.jpa.repository.query.JpaQueryExecution$SingleEntityExecution.doExecute(JpaQueryExecution.java:223)
	at org.springframework.data.jpa.repository.query.JpaQueryExecution.execute(JpaQueryExecution.java:92)
	at org.springframework.data.jpa.repository.query.AbstractJpaQuery.doExecute(AbstractJpaQuery.java:152)
	at org.springframework.data.jpa.repository.query.AbstractJpaQuery.execute(AbstractJpaQuery.java:140)
	at org.springframework.data.repository.core.support.RepositoryMethodInvoker.doInvoke(RepositoryMethodInvoker.java:170)
	at org.springframework.data.repository.core.support.RepositoryMethodInvoker.invoke(RepositoryMethodInvoker.java:158)
	at org.springframework.data.repository.core.support.QueryExecutorMethodInterceptor.doInvoke(QueryExecutorMethodInterceptor.java:169)
	at org.springframework.data.repository.core.support.QueryExecutorMethodInterceptor.invoke(QueryExecutorMethodInterceptor.java:148)
	at org.springframework.aop.framework.ReflectiveMethodInvocation.proceed(ReflectiveMethodInvocation.java:184)
	at org.springframework.data.projection.DefaultMethodInvokingMethodInterceptor.invoke(DefaultMethodInvokingMethodInterceptor.java:70)
	at org.springframework.aop.framework.ReflectiveMethodInvocation.proceed(ReflectiveMethodInvocation.java:184)
	at org.springframework.transaction.interceptor.TransactionAspectSupport.invokeWithinTransaction(TransactionAspectSupport.java:379)
	at org.springframework.transaction.interceptor.TransactionInterceptor.invoke(TransactionInterceptor.java:119)
	at org.springframework.aop.framework.ReflectiveMethodInvocation.proceed(ReflectiveMethodInvocation.java:184)
	at org.springframework.dao.support.PersistenceExceptionTranslationInterceptor.invoke(PersistenceExceptionTranslationInterceptor.java:138)
	at org.springframework.aop.framework.ReflectiveMethodInvocation.proceed(ReflectiveMethodInvocation.java:184)
	at org.springframework.data.jpa.repository.support.CrudMethodMetadataPostProcessor$CrudMethodMetadataPopulatingMethodInterceptor.invoke(CrudMethodMetadataPostProcessor.java:136)
	at org.springframework.aop.framework.ReflectiveMethodInvocation.proceed(ReflectiveMethodInvocation.java:184)
	at org.springframework.aop.interceptor.ExposeInvocationInterceptor.invoke(ExposeInvocationInterceptor.java:97)
	at org.springframework.aop.framework.ReflectiveMethodInvocation.proceed(ReflectiveMethodInvocation.java:184)
	at org.springframework.aop.framework.JdkDynamicAopProxy.invoke(JdkDynamicAopProxy.java:223)
	at jdk.proxy4/jdk.proxy4.$Proxy170.findByUserNameAndActivate(Unknown Source)
	at com.galaxy.bakendapirest.config.ProjectUserDetailService.loadUserByUsername(ProjectUserDetailService.java:25)
	at org.springframework.security.authentication.dao.DaoAuthenticationProvider.retrieveUser(DaoAuthenticationProvider.java:107)
	at org.springframework.security.authentication.dao.AbstractUserDetailsAuthenticationProvider.authenticate(AbstractUserDetailsAuthenticationProvider.java:133)
	at org.springframework.security.authentication.ProviderManager.authenticate(ProviderManager.java:182)
	at org.springframework.security.authentication.ProviderManager.authenticate(ProviderManager.java:201)
	at org.springframework.security.authentication.ObservationAuthenticationManager.lambda$authenticate$1(ObservationAuthenticationManager.java:54)
	at io.micrometer.observation.Observation.observe(Observation.java:565)
	at org.springframework.security.authentication.ObservationAuthenticationManager.authenticate(ObservationAuthenticationManager.java:53)
	at org.springframework.security.web.authentication.www.BasicAuthenticationFilter.doFilterInternal(BasicAuthenticationFilter.java:187)
	at org.springframework.web.filter.OncePerRequestFilter.doFilter(OncePerRequestFilter.java:116)
	at org.springframework.security.web.ObservationFilterChainDecorator$ObservationFilter.wrapFilter(ObservationFilterChainDecorator.java:240)
	at org.springframework.security.web.ObservationFilterChainDecorator$ObservationFilter.doFilter(ObservationFilterChainDecorator.java:227)
	at org.springframework.security.web.ObservationFilterChainDecorator$VirtualFilterChain.doFilter(ObservationFilterChainDecorator.java:137)
	at org.springframework.web.filter.OncePerRequestFilter.doFilter(OncePerRequestFilter.java:101)
	at org.springframework.security.web.ObservationFilterChainDecorator$ObservationFilter.wrapFilter(ObservationFilterChainDecorator.java:240)
	at org.springframework.security.web.ObservationFilterChainDecorator$ObservationFilter.doFilter(ObservationFilterChainDecorator.java:227)
	at org.springframework.security.web.ObservationFilterChainDecorator$VirtualFilterChain.doFilter(ObservationFilterChainDecorator.java:137)
	at org.springframework.security.web.authentication.logout.LogoutFilter.doFilter(LogoutFilter.java:107)
	at org.springframework.security.web.authentication.logout.LogoutFilter.doFilter(LogoutFilter.java:93)
	at org.springframework.security.web.ObservationFilterChainDecorator$ObservationFilter.wrapFilter(ObservationFilterChainDecorator.java:240)
	at org.springframework.security.web.ObservationFilterChainDecorator$ObservationFilter.doFilter(ObservationFilterChainDecorator.java:227)
	at org.springframework.security.web.ObservationFilterChainDecorator$VirtualFilterChain.doFilter(ObservationFilterChainDecorator.java:137)
	at org.springframework.security.web.header.HeaderWriterFilter.doHeadersAfter(HeaderWriterFilter.java:90)
	at org.springframework.security.web.header.HeaderWriterFilter.doFilterInternal(HeaderWriterFilter.java:75)
	at org.springframework.web.filter.OncePerRequestFilter.doFilter(OncePerRequestFilter.java:116)
	at org.springframework.security.web.ObservationFilterChainDecorator$ObservationFilter.wrapFilter(ObservationFilterChainDecorator.java:240)
	at org.springframework.security.web.ObservationFilterChainDecorator$ObservationFilter.doFilter(ObservationFilterChainDecorator.java:227)
	at org.springframework.security.web.ObservationFilterChainDecorator$VirtualFilterChain.doFilter(ObservationFilterChainDecorator.java:137)
	at org.springframework.security.web.context.SecurityContextHolderFilter.doFilter(SecurityContextHolderFilter.java:82)
	at org.springframework.security.web.context.SecurityContextHolderFilter.doFilter(SecurityContextHolderFilter.java:69)
	at org.springframework.security.web.ObservationFilterChainDecorator$ObservationFilter.wrapFilter(ObservationFilterChainDecorator.java:240)
	at org.springframework.security.web.ObservationFilterChainDecorator$ObservationFilter.doFilter(ObservationFilterChainDecorator.java:227)
	at org.springframework.security.web.ObservationFilterChainDecorator$VirtualFilterChain.doFilter(ObservationFilterChainDecorator.java:137)
	at org.springframework.security.web.context.request.async.WebAsyncManagerIntegrationFilter.doFilterInternal(WebAsyncManagerIntegrationFilter.java:62)
	at org.springframework.web.filter.OncePerRequestFilter.doFilter(OncePerRequestFilter.java:116)
	at org.springframework.security.web.ObservationFilterChainDecorator$ObservationFilter.wrapFilter(ObservationFilterChainDecorator.java:240)
	at org.springframework.security.web.ObservationFilterChainDecorator$ObservationFilter.doFilter(ObservationFilterChainDecorator.java:227)
	at org.springframework.security.web.ObservationFilterChainDecorator$VirtualFilterChain.doFilter(ObservationFilterChainDecorator.java:137)
	at org.springframework.security.web.session.DisableEncodeUrlFilter.doFilterInternal(DisableEncodeUrlFilter.java:42)
	at org.springframework.web.filter.OncePerRequestFilter.doFilter(OncePerRequestFilter.java:116)
	at org.springframework.security.web.ObservationFilterChainDecorator$ObservationFilter.wrapFilter(ObservationFilterChainDecorator.java:240)
	at org.springframework.security.web.ObservationFilterChainDecorator$AroundFilterObservation$SimpleAroundFilterObservation.lambda$wrap$0(ObservationFilterChainDecorator.java:323)
	at org.springframework.security.web.ObservationFilterChainDecorator$ObservationFilter.doFilter(ObservationFilterChainDecorator.java:224)
	at org.springframework.security.web.ObservationFilterChainDecorator$VirtualFilterChain.doFilter(ObservationFilterChainDecorator.java:137)
	at org.springframework.security.web.FilterChainProxy.doFilterInternal(FilterChainProxy.java:233)
	at org.springframework.security.web.FilterChainProxy.doFilter(FilterChainProxy.java:191)
	at org.springframework.web.filter.CompositeFilter$VirtualFilterChain.doFilter(CompositeFilter.java:113)
	at org.springframework.web.servlet.handler.HandlerMappingIntrospector.lambda$createCacheFilter$3(HandlerMappingIntrospector.java:195)
	at org.springframework.web.filter.CompositeFilter$VirtualFilterChain.doFilter(CompositeFilter.java:113)
	at org.springframework.web.filter.CompositeFilter.doFilter(CompositeFilter.java:74)
	at org.springframework.security.config.annotation.web.configuration.WebMvcSecurityConfiguration$CompositeFilterChainProxy.doFilter(WebMvcSecurityConfiguration.java:230)
	at org.springframework.web.filter.DelegatingFilterProxy.invokeDelegate(DelegatingFilterProxy.java:362)
	at org.springframework.web.filter.DelegatingFilterProxy.doFilter(DelegatingFilterProxy.java:278)
	at org.apache.catalina.core.ApplicationFilterChain.internalDoFilter(ApplicationFilterChain.java:164)
	at org.apache.catalina.core.ApplicationFilterChain.doFilter(ApplicationFilterChain.java:140)
	at org.springframework.web.filter.RequestContextFilter.doFilterInternal(RequestContextFilter.java:100)
	at org.springframework.web.filter.OncePerRequestFilter.doFilter(OncePerRequestFilter.java:116)
	at org.apache.catalina.core.ApplicationFilterChain.internalDoFilter(ApplicationFilterChain.java:164)
	at org.apache.catalina.core.ApplicationFilterChain.doFilter(ApplicationFilterChain.java:140)
	at org.springframework.web.filter.FormContentFilter.doFilterInternal(FormContentFilter.java:93)
	at org.springframework.web.filter.OncePerRequestFilter.doFilter(OncePerRequestFilter.java:116)
	at org.apache.catalina.core.ApplicationFilterChain.internalDoFilter(ApplicationFilterChain.java:164)
	at org.apache.catalina.core.ApplicationFilterChain.doFilter(ApplicationFilterChain.java:140)
	at org.springframework.web.filter.ServerHttpObservationFilter.doFilterInternal(ServerHttpObservationFilter.java:113)
	at org.springframework.web.filter.OncePerRequestFilter.doFilter(OncePerRequestFilter.java:116)
	at org.apache.catalina.core.ApplicationFilterChain.internalDoFilter(ApplicationFilterChain.java:164)
	at org.apache.catalina.core.ApplicationFilterChain.doFilter(ApplicationFilterChain.java:140)
	at org.springframework.web.filter.CharacterEncodingFilter.doFilterInternal(CharacterEncodingFilter.java:201)
	at org.springframework.web.filter.OncePerRequestFilter.doFilter(OncePerRequestFilter.java:116)
	at org.apache.catalina.core.ApplicationFilterChain.internalDoFilter(ApplicationFilterChain.java:164)
	at org.apache.catalina.core.ApplicationFilterChain.doFilter(ApplicationFilterChain.java:140)
	at org.apache.catalina.core.StandardWrapperValve.invoke(StandardWrapperValve.java:167)
	at org.apache.catalina.core.StandardContextValve.invoke(StandardContextValve.java:90)
	at org.apache.catalina.authenticator.AuthenticatorBase.invoke(AuthenticatorBase.java:483)
	at org.apache.catalina.core.StandardHostValve.invoke(StandardHostValve.java:115)
	at org.apache.catalina.valves.ErrorReportValve.invoke(ErrorReportValve.java:93)
	at org.apache.catalina.core.StandardEngineValve.invoke(StandardEngineValve.java:74)
	at org.apache.catalina.connector.CoyoteAdapter.service(CoyoteAdapter.java:344)
	at org.apache.coyote.http11.Http11Processor.service(Http11Processor.java:384)
	at org.apache.coyote.AbstractProcessorLight.process(AbstractProcessorLight.java:63)
	at org.apache.coyote.AbstractProtocol$ConnectionHandler.process(AbstractProtocol.java:905)
	at org.apache.tomcat.util.net.NioEndpoint$SocketProcessor.doRun(NioEndpoint.java:1741)
	at org.apache.tomcat.util.net.SocketProcessorBase.run(SocketProcessorBase.java:52)
	at org.apache.tomcat.util.threads.ThreadPoolExecutor.runWorker(ThreadPoolExecutor.java:1190)
	at org.apache.tomcat.util.threads.ThreadPoolExecutor$Worker.run(ThreadPoolExecutor.java:659)
	at org.apache.tomcat.util.threads.TaskThread$WrappingRunnable.run(TaskThread.java:63)
	at java.base/java.lang.Thread.run(Thread.java:842)
Caused by: org.postgresql.util.PSQLException: ERROR: no existe la relación «doc_type»
  Position: 142
	at org.postgresql.core.v3.QueryExecutorImpl.receiveErrorResponse(QueryExecutorImpl.java:2733)
	at org.postgresql.core.v3.QueryExecutorImpl.processResults(QueryExecutorImpl.java:2420)
	at org.postgresql.core.v3.QueryExecutorImpl.execute(QueryExecutorImpl.java:372)
	at org.postgresql.jdbc.PgStatement.executeInternal(PgStatement.java:517)
	at org.postgresql.jdbc.PgStatement.execute(PgStatement.java:434)
	at org.postgresql.jdbc.PgPreparedStatement.executeWithFlags(PgPreparedStatement.java:194)
	at org.postgresql.jdbc.PgPreparedStatement.executeQuery(PgPreparedStatement.java:137)
	at com.zaxxer.hikari.pool.ProxyPreparedStatement.executeQuery(ProxyPreparedStatement.java:52)
	at com.zaxxer.hikari.pool.HikariProxyPreparedStatement.executeQuery(HikariProxyPreparedStatement.java)
	at org.hibernate.sql.results.jdbc.internal.DeferredResultSetAccess.executeQuery(DeferredResultSetAccess.java:246)
	... 159 common frames omitted
2025-08-01 11:38:12,489 INFO o.s.o.j.AbstractEntityManagerFactoryBean [SpringApplicationShutdownHook] Closing JPA EntityManagerFactory for persistence unit 'default'
2025-08-01 11:38:12,492 INFO c.z.h.HikariDataSource [SpringApplicationShutdownHook] HikariPool-1 - Shutdown initiated...
2025-08-01 11:38:12,495 INFO c.z.h.HikariDataSource [SpringApplicationShutdownHook] HikariPool-1 - Shutdown completed.
2025-08-01 11:38:36,568 INFO o.h.v.i.u.Version [background-preinit] HV000001: Hibernate Validator 8.0.1.Final
2025-08-01 11:38:36,605 INFO o.s.b.StartupInfoLogger [restartedMain] Starting BakendApiRestApplication using Java 17.0.9 with PID 3008 (C:\Users\USER\Documents\Sprint Boot\bakend-api-rest\bakend-api-rest\target\classes started by USER in C:\Users\USER\Documents\Sprint Boot\bakend-api-rest\bakend-api-rest)
2025-08-01 11:38:36,606 INFO o.s.b.SpringApplication [restartedMain] No active profile set, falling back to 1 default profile: "default"
2025-08-01 11:38:36,641 INFO o.s.b.l.DeferredLog [restartedMain] Devtools property defaults active! Set 'spring.devtools.add-properties' to 'false' to disable
2025-08-01 11:38:36,642 INFO o.s.b.l.DeferredLog [restartedMain] For additional web related logging consider setting the 'logging.level.web' property to 'DEBUG'
2025-08-01 11:38:37,730 INFO o.s.d.r.c.RepositoryConfigurationDelegate [restartedMain] Bootstrapping Spring Data JPA repositories in DEFAULT mode.
2025-08-01 11:38:37,794 INFO o.s.d.r.c.RepositoryConfigurationDelegate [restartedMain] Finished Spring Data repository scanning in 56 ms. Found 4 JPA repository interfaces.
2025-08-01 11:38:38,825 INFO o.s.b.w.e.t.TomcatWebServer [restartedMain] Tomcat initialized with port 3001 (http)
2025-08-01 11:38:38,836 INFO o.a.j.l.DirectJDKLog [restartedMain] Initializing ProtocolHandler ["http-nio-3001"]
2025-08-01 11:38:38,840 INFO o.a.j.l.DirectJDKLog [restartedMain] Starting service [Tomcat]
2025-08-01 11:38:38,841 INFO o.a.j.l.DirectJDKLog [restartedMain] Starting Servlet engine: [Apache Tomcat/10.1.31]
2025-08-01 11:38:38,914 INFO o.a.j.l.DirectJDKLog [restartedMain] Initializing Spring embedded WebApplicationContext
2025-08-01 11:38:38,914 INFO o.s.b.w.s.c.ServletWebServerApplicationContext [restartedMain] Root WebApplicationContext: initialization completed in 2272 ms
2025-08-01 11:38:39,387 WARN o.f.c.i.l.s.Slf4jLog [restartedMain] Discarding duplicate location 'classpath:db/migrations'
2025-08-01 11:38:39,404 INFO c.z.h.HikariDataSource [restartedMain] HikariPool-1 - Starting...
2025-08-01 11:38:39,615 INFO c.z.h.p.HikariPool [restartedMain] HikariPool-1 - Added connection org.postgresql.jdbc.PgConnection@28b94100
2025-08-01 11:38:39,617 INFO c.z.h.HikariDataSource [restartedMain] HikariPool-1 - Start completed.
2025-08-01 11:38:39,650 INFO o.f.c.i.l.s.Slf4jLog [restartedMain] Database: jdbc:postgresql://localhost:5432/ccunsa (PostgreSQL 16.4)
2025-08-01 11:38:39,697 INFO o.f.c.i.l.s.Slf4jLog [restartedMain] Successfully validated 4 migrations (execution time 00:00.032s)
2025-08-01 11:38:39,745 INFO o.f.c.i.l.s.Slf4jLog [restartedMain] Current version of schema "ccunsa": 2.2
2025-08-01 11:38:39,753 INFO o.f.c.i.l.s.Slf4jLog [restartedMain] Schema "ccunsa" is up to date. No migration necessary.
2025-08-01 11:38:39,899 INFO o.h.j.i.u.LogHelper [restartedMain] HHH000204: Processing PersistenceUnitInfo [name: default]
2025-08-01 11:38:39,964 INFO o.h.Version [restartedMain] HHH000412: Hibernate ORM core version 6.5.3.Final
2025-08-01 11:38:39,996 INFO o.h.c.i.RegionFactoryInitiator [restartedMain] HHH000026: Second-level cache disabled
2025-08-01 11:38:40,199 INFO o.s.o.j.p.SpringPersistenceUnitInfo [restartedMain] No LoadTimeWeaver setup: ignoring JPA class transformer
2025-08-01 11:38:40,992 INFO o.h.e.t.j.p.i.JtaPlatformInitiator [restartedMain] HHH000489: No JTA platform available (set 'hibernate.transaction.jta.platform' to enable JTA platform integration)
2025-08-01 11:38:41,007 INFO o.s.o.j.AbstractEntityManagerFactoryBean [restartedMain] Initialized JPA EntityManagerFactory for persistence unit 'default'
2025-08-01 11:38:41,628 WARN o.s.b.a.o.j.JpaBaseConfiguration$JpaWebConfiguration [restartedMain] spring.jpa.open-in-view is enabled by default. Therefore, database queries may be performed during view rendering. Explicitly configure spring.jpa.open-in-view to disable this warning
2025-08-01 11:38:41,685 INFO o.s.s.c.a.a.c.InitializeUserDetailsBeanManagerConfigurer$InitializeUserDetailsManagerConfigurer [restartedMain] Global AuthenticationManager configured with UserDetailsService bean with name projectUserDetailService
2025-08-01 11:38:42,199 INFO o.s.b.a.e.w.EndpointLinksResolver [restartedMain] Exposing 15 endpoints beneath base path '/actuator'
2025-08-01 11:38:42,730 INFO o.s.b.d.a.OptionalLiveReloadServer [restartedMain] LiveReload server is running on port 35729
2025-08-01 11:38:42,772 INFO o.a.j.l.DirectJDKLog [restartedMain] Starting ProtocolHandler ["http-nio-3001"]
2025-08-01 11:38:42,785 INFO o.s.b.w.e.t.TomcatWebServer [restartedMain] Tomcat started on port 3001 (http) with context path '/'
2025-08-01 11:38:42,800 INFO o.s.b.StartupInfoLogger [restartedMain] Started BakendApiRestApplication in 6.622 seconds (process running for 7.0)
2025-08-01 11:38:46,619 INFO o.a.j.l.DirectJDKLog [http-nio-3001-exec-1] Initializing Spring DispatcherServlet 'dispatcherServlet'
2025-08-01 11:38:46,619 INFO o.s.w.s.FrameworkServlet [http-nio-3001-exec-1] Initializing Servlet 'dispatcherServlet'
2025-08-01 11:38:46,620 INFO o.s.w.s.FrameworkServlet [http-nio-3001-exec-1] Completed initialization in 1 ms
2025-08-01 11:43:11,640 ERROR o.a.j.l.DirectJDKLog [http-nio-3001-exec-5] Servlet.service() for servlet [dispatcherServlet] in context with path [] threw exception
io.jsonwebtoken.MalformedJwtException: Compact JWT strings may not contain whitespace.
	at io.jsonwebtoken.impl.JwtTokenizer.tokenize(JwtTokenizer.java:67)
	at io.jsonwebtoken.impl.DefaultJwtParser.parse(DefaultJwtParser.java:372)
	at io.jsonwebtoken.impl.DefaultJwtParser.parse(DefaultJwtParser.java:364)
	at io.jsonwebtoken.impl.DefaultJwtParser.parse(DefaultJwtParser.java:94)
	at io.jsonwebtoken.impl.io.AbstractParser.parse(AbstractParser.java:36)
	at io.jsonwebtoken.impl.io.AbstractParser.parse(AbstractParser.java:29)
	at io.jsonwebtoken.impl.DefaultJwtParser.parseSignedClaims(DefaultJwtParser.java:830)
	at com.galaxy.bakendapirest.filter.JwtValidatorFilter.doFilterInternal(JwtValidatorFilter.java:38)
	at org.springframework.web.filter.OncePerRequestFilter.doFilter(OncePerRequestFilter.java:116)
	at org.springframework.security.web.ObservationFilterChainDecorator$ObservationFilter.wrapFilter(ObservationFilterChainDecorator.java:240)
	at org.springframework.security.web.ObservationFilterChainDecorator$ObservationFilter.doFilter(ObservationFilterChainDecorator.java:227)
	at org.springframework.security.web.ObservationFilterChainDecorator$VirtualFilterChain.doFilter(ObservationFilterChainDecorator.java:137)
	at org.springframework.security.web.authentication.logout.LogoutFilter.doFilter(LogoutFilter.java:107)
	at org.springframework.security.web.authentication.logout.LogoutFilter.doFilter(LogoutFilter.java:93)
	at org.springframework.security.web.ObservationFilterChainDecorator$ObservationFilter.wrapFilter(ObservationFilterChainDecorator.java:240)
	at org.springframework.security.web.ObservationFilterChainDecorator$ObservationFilter.doFilter(ObservationFilterChainDecorator.java:227)
	at org.springframework.security.web.ObservationFilterChainDecorator$VirtualFilterChain.doFilter(ObservationFilterChainDecorator.java:137)
	at org.springframework.security.web.header.HeaderWriterFilter.doHeadersAfter(HeaderWriterFilter.java:90)
	at org.springframework.security.web.header.HeaderWriterFilter.doFilterInternal(HeaderWriterFilter.java:75)
	at org.springframework.web.filter.OncePerRequestFilter.doFilter(OncePerRequestFilter.java:116)
	at org.springframework.security.web.ObservationFilterChainDecorator$ObservationFilter.wrapFilter(ObservationFilterChainDecorator.java:240)
	at org.springframework.security.web.ObservationFilterChainDecorator$ObservationFilter.doFilter(ObservationFilterChainDecorator.java:227)
	at org.springframework.security.web.ObservationFilterChainDecorator$VirtualFilterChain.doFilter(ObservationFilterChainDecorator.java:137)
	at org.springframework.security.web.context.SecurityContextHolderFilter.doFilter(SecurityContextHolderFilter.java:82)
	at org.springframework.security.web.context.SecurityContextHolderFilter.doFilter(SecurityContextHolderFilter.java:69)
	at org.springframework.security.web.ObservationFilterChainDecorator$ObservationFilter.wrapFilter(ObservationFilterChainDecorator.java:240)
	at org.springframework.security.web.ObservationFilterChainDecorator$ObservationFilter.doFilter(ObservationFilterChainDecorator.java:227)
	at org.springframework.security.web.ObservationFilterChainDecorator$VirtualFilterChain.doFilter(ObservationFilterChainDecorator.java:137)
	at org.springframework.security.web.context.request.async.WebAsyncManagerIntegrationFilter.doFilterInternal(WebAsyncManagerIntegrationFilter.java:62)
	at org.springframework.web.filter.OncePerRequestFilter.doFilter(OncePerRequestFilter.java:116)
	at org.springframework.security.web.ObservationFilterChainDecorator$ObservationFilter.wrapFilter(ObservationFilterChainDecorator.java:240)
	at org.springframework.security.web.ObservationFilterChainDecorator$ObservationFilter.doFilter(ObservationFilterChainDecorator.java:227)
	at org.springframework.security.web.ObservationFilterChainDecorator$VirtualFilterChain.doFilter(ObservationFilterChainDecorator.java:137)
	at org.springframework.security.web.session.DisableEncodeUrlFilter.doFilterInternal(DisableEncodeUrlFilter.java:42)
	at org.springframework.web.filter.OncePerRequestFilter.doFilter(OncePerRequestFilter.java:116)
	at org.springframework.security.web.ObservationFilterChainDecorator$ObservationFilter.wrapFilter(ObservationFilterChainDecorator.java:240)
	at org.springframework.security.web.ObservationFilterChainDecorator$AroundFilterObservation$SimpleAroundFilterObservation.lambda$wrap$0(ObservationFilterChainDecorator.java:323)
	at org.springframework.security.web.ObservationFilterChainDecorator$ObservationFilter.doFilter(ObservationFilterChainDecorator.java:224)
	at org.springframework.security.web.ObservationFilterChainDecorator$VirtualFilterChain.doFilter(ObservationFilterChainDecorator.java:137)
	at org.springframework.security.web.FilterChainProxy.doFilterInternal(FilterChainProxy.java:233)
	at org.springframework.security.web.FilterChainProxy.doFilter(FilterChainProxy.java:191)
	at org.springframework.web.filter.CompositeFilter$VirtualFilterChain.doFilter(CompositeFilter.java:113)
	at org.springframework.web.servlet.handler.HandlerMappingIntrospector.lambda$createCacheFilter$3(HandlerMappingIntrospector.java:195)
	at org.springframework.web.filter.CompositeFilter$VirtualFilterChain.doFilter(CompositeFilter.java:113)
	at org.springframework.web.filter.CompositeFilter.doFilter(CompositeFilter.java:74)
	at org.springframework.security.config.annotation.web.configuration.WebMvcSecurityConfiguration$CompositeFilterChainProxy.doFilter(WebMvcSecurityConfiguration.java:230)
	at org.springframework.web.filter.DelegatingFilterProxy.invokeDelegate(DelegatingFilterProxy.java:362)
	at org.springframework.web.filter.DelegatingFilterProxy.doFilter(DelegatingFilterProxy.java:278)
	at org.apache.catalina.core.ApplicationFilterChain.internalDoFilter(ApplicationFilterChain.java:164)
	at org.apache.catalina.core.ApplicationFilterChain.doFilter(ApplicationFilterChain.java:140)
	at org.springframework.web.filter.RequestContextFilter.doFilterInternal(RequestContextFilter.java:100)
	at org.springframework.web.filter.OncePerRequestFilter.doFilter(OncePerRequestFilter.java:116)
	at org.apache.catalina.core.ApplicationFilterChain.internalDoFilter(ApplicationFilterChain.java:164)
	at org.apache.catalina.core.ApplicationFilterChain.doFilter(ApplicationFilterChain.java:140)
	at org.springframework.web.filter.FormContentFilter.doFilterInternal(FormContentFilter.java:93)
	at org.springframework.web.filter.OncePerRequestFilter.doFilter(OncePerRequestFilter.java:116)
	at org.apache.catalina.core.ApplicationFilterChain.internalDoFilter(ApplicationFilterChain.java:164)
	at org.apache.catalina.core.ApplicationFilterChain.doFilter(ApplicationFilterChain.java:140)
	at org.springframework.web.filter.ServerHttpObservationFilter.doFilterInternal(ServerHttpObservationFilter.java:113)
	at org.springframework.web.filter.OncePerRequestFilter.doFilter(OncePerRequestFilter.java:116)
	at org.apache.catalina.core.ApplicationFilterChain.internalDoFilter(ApplicationFilterChain.java:164)
	at org.apache.catalina.core.ApplicationFilterChain.doFilter(ApplicationFilterChain.java:140)
	at org.springframework.web.filter.CharacterEncodingFilter.doFilterInternal(CharacterEncodingFilter.java:201)
	at org.springframework.web.filter.OncePerRequestFilter.doFilter(OncePerRequestFilter.java:116)
	at org.apache.catalina.core.ApplicationFilterChain.internalDoFilter(ApplicationFilterChain.java:164)
	at org.apache.catalina.core.ApplicationFilterChain.doFilter(ApplicationFilterChain.java:140)
	at org.apache.catalina.core.StandardWrapperValve.invoke(StandardWrapperValve.java:167)
	at org.apache.catalina.core.StandardContextValve.invoke(StandardContextValve.java:90)
	at org.apache.catalina.authenticator.AuthenticatorBase.invoke(AuthenticatorBase.java:483)
	at org.apache.catalina.core.StandardHostValve.invoke(StandardHostValve.java:115)
	at org.apache.catalina.valves.ErrorReportValve.invoke(ErrorReportValve.java:93)
	at org.apache.catalina.core.StandardEngineValve.invoke(StandardEngineValve.java:74)
	at org.apache.catalina.connector.CoyoteAdapter.service(CoyoteAdapter.java:344)
	at org.apache.coyote.http11.Http11Processor.service(Http11Processor.java:384)
	at org.apache.coyote.AbstractProcessorLight.process(AbstractProcessorLight.java:63)
	at org.apache.coyote.AbstractProtocol$ConnectionHandler.process(AbstractProtocol.java:905)
	at org.apache.tomcat.util.net.NioEndpoint$SocketProcessor.doRun(NioEndpoint.java:1741)
	at org.apache.tomcat.util.net.SocketProcessorBase.run(SocketProcessorBase.java:52)
	at org.apache.tomcat.util.threads.ThreadPoolExecutor.runWorker(ThreadPoolExecutor.java:1190)
	at org.apache.tomcat.util.threads.ThreadPoolExecutor$Worker.run(ThreadPoolExecutor.java:659)
	at org.apache.tomcat.util.threads.TaskThread$WrappingRunnable.run(TaskThread.java:63)
	at java.base/java.lang.Thread.run(Thread.java:842)
2025-08-01 11:43:33,400 ERROR o.a.j.l.DirectJDKLog [http-nio-3001-exec-6] Servlet.service() for servlet [dispatcherServlet] in context with path [] threw exception
io.jsonwebtoken.MalformedJwtException: Compact JWT strings may not contain whitespace.
	at io.jsonwebtoken.impl.JwtTokenizer.tokenize(JwtTokenizer.java:67)
	at io.jsonwebtoken.impl.DefaultJwtParser.parse(DefaultJwtParser.java:372)
	at io.jsonwebtoken.impl.DefaultJwtParser.parse(DefaultJwtParser.java:364)
	at io.jsonwebtoken.impl.DefaultJwtParser.parse(DefaultJwtParser.java:94)
	at io.jsonwebtoken.impl.io.AbstractParser.parse(AbstractParser.java:36)
	at io.jsonwebtoken.impl.io.AbstractParser.parse(AbstractParser.java:29)
	at io.jsonwebtoken.impl.DefaultJwtParser.parseSignedClaims(DefaultJwtParser.java:830)
	at com.galaxy.bakendapirest.filter.JwtValidatorFilter.doFilterInternal(JwtValidatorFilter.java:38)
	at org.springframework.web.filter.OncePerRequestFilter.doFilter(OncePerRequestFilter.java:116)
	at org.springframework.security.web.ObservationFilterChainDecorator$ObservationFilter.wrapFilter(ObservationFilterChainDecorator.java:240)
	at org.springframework.security.web.ObservationFilterChainDecorator$ObservationFilter.doFilter(ObservationFilterChainDecorator.java:227)
	at org.springframework.security.web.ObservationFilterChainDecorator$VirtualFilterChain.doFilter(ObservationFilterChainDecorator.java:137)
	at org.springframework.security.web.authentication.logout.LogoutFilter.doFilter(LogoutFilter.java:107)
	at org.springframework.security.web.authentication.logout.LogoutFilter.doFilter(LogoutFilter.java:93)
	at org.springframework.security.web.ObservationFilterChainDecorator$ObservationFilter.wrapFilter(ObservationFilterChainDecorator.java:240)
	at org.springframework.security.web.ObservationFilterChainDecorator$ObservationFilter.doFilter(ObservationFilterChainDecorator.java:227)
	at org.springframework.security.web.ObservationFilterChainDecorator$VirtualFilterChain.doFilter(ObservationFilterChainDecorator.java:137)
	at org.springframework.security.web.header.HeaderWriterFilter.doHeadersAfter(HeaderWriterFilter.java:90)
	at org.springframework.security.web.header.HeaderWriterFilter.doFilterInternal(HeaderWriterFilter.java:75)
	at org.springframework.web.filter.OncePerRequestFilter.doFilter(OncePerRequestFilter.java:116)
	at org.springframework.security.web.ObservationFilterChainDecorator$ObservationFilter.wrapFilter(ObservationFilterChainDecorator.java:240)
	at org.springframework.security.web.ObservationFilterChainDecorator$ObservationFilter.doFilter(ObservationFilterChainDecorator.java:227)
	at org.springframework.security.web.ObservationFilterChainDecorator$VirtualFilterChain.doFilter(ObservationFilterChainDecorator.java:137)
	at org.springframework.security.web.context.SecurityContextHolderFilter.doFilter(SecurityContextHolderFilter.java:82)
	at org.springframework.security.web.context.SecurityContextHolderFilter.doFilter(SecurityContextHolderFilter.java:69)
	at org.springframework.security.web.ObservationFilterChainDecorator$ObservationFilter.wrapFilter(ObservationFilterChainDecorator.java:240)
	at org.springframework.security.web.ObservationFilterChainDecorator$ObservationFilter.doFilter(ObservationFilterChainDecorator.java:227)
	at org.springframework.security.web.ObservationFilterChainDecorator$VirtualFilterChain.doFilter(ObservationFilterChainDecorator.java:137)
	at org.springframework.security.web.context.request.async.WebAsyncManagerIntegrationFilter.doFilterInternal(WebAsyncManagerIntegrationFilter.java:62)
	at org.springframework.web.filter.OncePerRequestFilter.doFilter(OncePerRequestFilter.java:116)
	at org.springframework.security.web.ObservationFilterChainDecorator$ObservationFilter.wrapFilter(ObservationFilterChainDecorator.java:240)
	at org.springframework.security.web.ObservationFilterChainDecorator$ObservationFilter.doFilter(ObservationFilterChainDecorator.java:227)
	at org.springframework.security.web.ObservationFilterChainDecorator$VirtualFilterChain.doFilter(ObservationFilterChainDecorator.java:137)
	at org.springframework.security.web.session.DisableEncodeUrlFilter.doFilterInternal(DisableEncodeUrlFilter.java:42)
	at org.springframework.web.filter.OncePerRequestFilter.doFilter(OncePerRequestFilter.java:116)
	at org.springframework.security.web.ObservationFilterChainDecorator$ObservationFilter.wrapFilter(ObservationFilterChainDecorator.java:240)
	at org.springframework.security.web.ObservationFilterChainDecorator$AroundFilterObservation$SimpleAroundFilterObservation.lambda$wrap$0(ObservationFilterChainDecorator.java:323)
	at org.springframework.security.web.ObservationFilterChainDecorator$ObservationFilter.doFilter(ObservationFilterChainDecorator.java:224)
	at org.springframework.security.web.ObservationFilterChainDecorator$VirtualFilterChain.doFilter(ObservationFilterChainDecorator.java:137)
	at org.springframework.security.web.FilterChainProxy.doFilterInternal(FilterChainProxy.java:233)
	at org.springframework.security.web.FilterChainProxy.doFilter(FilterChainProxy.java:191)
	at org.springframework.web.filter.CompositeFilter$VirtualFilterChain.doFilter(CompositeFilter.java:113)
	at org.springframework.web.servlet.handler.HandlerMappingIntrospector.lambda$createCacheFilter$3(HandlerMappingIntrospector.java:195)
	at org.springframework.web.filter.CompositeFilter$VirtualFilterChain.doFilter(CompositeFilter.java:113)
	at org.springframework.web.filter.CompositeFilter.doFilter(CompositeFilter.java:74)
	at org.springframework.security.config.annotation.web.configuration.WebMvcSecurityConfiguration$CompositeFilterChainProxy.doFilter(WebMvcSecurityConfiguration.java:230)
	at org.springframework.web.filter.DelegatingFilterProxy.invokeDelegate(DelegatingFilterProxy.java:362)
	at org.springframework.web.filter.DelegatingFilterProxy.doFilter(DelegatingFilterProxy.java:278)
	at org.apache.catalina.core.ApplicationFilterChain.internalDoFilter(ApplicationFilterChain.java:164)
	at org.apache.catalina.core.ApplicationFilterChain.doFilter(ApplicationFilterChain.java:140)
	at org.springframework.web.filter.RequestContextFilter.doFilterInternal(RequestContextFilter.java:100)
	at org.springframework.web.filter.OncePerRequestFilter.doFilter(OncePerRequestFilter.java:116)
	at org.apache.catalina.core.ApplicationFilterChain.internalDoFilter(ApplicationFilterChain.java:164)
	at org.apache.catalina.core.ApplicationFilterChain.doFilter(ApplicationFilterChain.java:140)
	at org.springframework.web.filter.FormContentFilter.doFilterInternal(FormContentFilter.java:93)
	at org.springframework.web.filter.OncePerRequestFilter.doFilter(OncePerRequestFilter.java:116)
	at org.apache.catalina.core.ApplicationFilterChain.internalDoFilter(ApplicationFilterChain.java:164)
	at org.apache.catalina.core.ApplicationFilterChain.doFilter(ApplicationFilterChain.java:140)
	at org.springframework.web.filter.ServerHttpObservationFilter.doFilterInternal(ServerHttpObservationFilter.java:113)
	at org.springframework.web.filter.OncePerRequestFilter.doFilter(OncePerRequestFilter.java:116)
	at org.apache.catalina.core.ApplicationFilterChain.internalDoFilter(ApplicationFilterChain.java:164)
	at org.apache.catalina.core.ApplicationFilterChain.doFilter(ApplicationFilterChain.java:140)
	at org.springframework.web.filter.CharacterEncodingFilter.doFilterInternal(CharacterEncodingFilter.java:201)
	at org.springframework.web.filter.OncePerRequestFilter.doFilter(OncePerRequestFilter.java:116)
	at org.apache.catalina.core.ApplicationFilterChain.internalDoFilter(ApplicationFilterChain.java:164)
	at org.apache.catalina.core.ApplicationFilterChain.doFilter(ApplicationFilterChain.java:140)
	at org.apache.catalina.core.StandardWrapperValve.invoke(StandardWrapperValve.java:167)
	at org.apache.catalina.core.StandardContextValve.invoke(StandardContextValve.java:90)
	at org.apache.catalina.authenticator.AuthenticatorBase.invoke(AuthenticatorBase.java:483)
	at org.apache.catalina.core.StandardHostValve.invoke(StandardHostValve.java:115)
	at org.apache.catalina.valves.ErrorReportValve.invoke(ErrorReportValve.java:93)
	at org.apache.catalina.core.StandardEngineValve.invoke(StandardEngineValve.java:74)
	at org.apache.catalina.connector.CoyoteAdapter.service(CoyoteAdapter.java:344)
	at org.apache.coyote.http11.Http11Processor.service(Http11Processor.java:384)
	at org.apache.coyote.AbstractProcessorLight.process(AbstractProcessorLight.java:63)
	at org.apache.coyote.AbstractProtocol$ConnectionHandler.process(AbstractProtocol.java:905)
	at org.apache.tomcat.util.net.NioEndpoint$SocketProcessor.doRun(NioEndpoint.java:1741)
	at org.apache.tomcat.util.net.SocketProcessorBase.run(SocketProcessorBase.java:52)
	at org.apache.tomcat.util.threads.ThreadPoolExecutor.runWorker(ThreadPoolExecutor.java:1190)
	at org.apache.tomcat.util.threads.ThreadPoolExecutor$Worker.run(ThreadPoolExecutor.java:659)
	at org.apache.tomcat.util.threads.TaskThread$WrappingRunnable.run(TaskThread.java:63)
	at java.base/java.lang.Thread.run(Thread.java:842)
2025-08-01 11:45:40,135 INFO o.s.o.j.AbstractEntityManagerFactoryBean [SpringApplicationShutdownHook] Closing JPA EntityManagerFactory for persistence unit 'default'
2025-08-01 11:45:40,137 INFO c.z.h.HikariDataSource [SpringApplicationShutdownHook] HikariPool-1 - Shutdown initiated...
2025-08-01 11:45:40,141 INFO c.z.h.HikariDataSource [SpringApplicationShutdownHook] HikariPool-1 - Shutdown completed.
2025-08-01 11:47:36,275 INFO o.h.v.i.u.Version [background-preinit] HV000001: Hibernate Validator 8.0.1.Final
2025-08-01 11:47:36,309 INFO o.s.b.StartupInfoLogger [restartedMain] Starting BakendApiRestApplication using Java 17.0.9 with PID 2916 (C:\Users\USER\Documents\Sprint Boot\bakend-api-rest\bakend-api-rest\target\classes started by USER in C:\Users\USER\Documents\Sprint Boot\bakend-api-rest\bakend-api-rest)
2025-08-01 11:47:36,310 INFO o.s.b.SpringApplication [restartedMain] The following 1 profile is active: "dev"
2025-08-01 11:47:36,346 INFO o.s.b.l.DeferredLog [restartedMain] Devtools property defaults active! Set 'spring.devtools.add-properties' to 'false' to disable
2025-08-01 11:47:36,347 INFO o.s.b.l.DeferredLog [restartedMain] For additional web related logging consider setting the 'logging.level.web' property to 'DEBUG'
2025-08-01 11:47:37,486 INFO o.s.d.r.c.RepositoryConfigurationDelegate [restartedMain] Bootstrapping Spring Data JPA repositories in DEFAULT mode.
2025-08-01 11:47:37,543 INFO o.s.d.r.c.RepositoryConfigurationDelegate [restartedMain] Finished Spring Data repository scanning in 50 ms. Found 4 JPA repository interfaces.
2025-08-01 11:47:38,484 INFO o.s.b.w.e.t.TomcatWebServer [restartedMain] Tomcat initialized with port 3001 (http)
2025-08-01 11:47:38,502 INFO o.a.j.l.DirectJDKLog [restartedMain] Initializing ProtocolHandler ["http-nio-3001"]
2025-08-01 11:47:38,509 INFO o.a.j.l.DirectJDKLog [restartedMain] Starting service [Tomcat]
2025-08-01 11:47:38,510 INFO o.a.j.l.DirectJDKLog [restartedMain] Starting Servlet engine: [Apache Tomcat/10.1.31]
2025-08-01 11:47:38,595 INFO o.a.j.l.DirectJDKLog [restartedMain] Initializing Spring embedded WebApplicationContext
2025-08-01 11:47:38,596 INFO o.s.b.w.s.c.ServletWebServerApplicationContext [restartedMain] Root WebApplicationContext: initialization completed in 2249 ms
2025-08-01 11:47:39,220 WARN o.f.c.i.l.s.Slf4jLog [restartedMain] Discarding duplicate location 'classpath:db/migrations'
2025-08-01 11:47:39,236 INFO c.z.h.HikariDataSource [restartedMain] HikariPool-1 - Starting...
2025-08-01 11:47:39,381 INFO c.z.h.p.HikariPool [restartedMain] HikariPool-1 - Added connection org.postgresql.jdbc.PgConnection@521d2abe
2025-08-01 11:47:39,383 INFO c.z.h.HikariDataSource [restartedMain] HikariPool-1 - Start completed.
2025-08-01 11:47:39,406 INFO o.f.c.i.l.s.Slf4jLog [restartedMain] Database: jdbc:postgresql://localhost:5432/ccunsa (PostgreSQL 16.4)
2025-08-01 11:47:39,450 INFO o.f.c.i.l.s.Slf4jLog [restartedMain] Successfully validated 4 migrations (execution time 00:00.030s)
2025-08-01 11:47:39,502 INFO o.f.c.i.l.s.Slf4jLog [restartedMain] Current version of schema "ccunsa": 2.2
2025-08-01 11:47:39,507 INFO o.f.c.i.l.s.Slf4jLog [restartedMain] Schema "ccunsa" is up to date. No migration necessary.
2025-08-01 11:47:39,634 INFO o.h.j.i.u.LogHelper [restartedMain] HHH000204: Processing PersistenceUnitInfo [name: default]
2025-08-01 11:47:39,694 INFO o.h.Version [restartedMain] HHH000412: Hibernate ORM core version 6.5.3.Final
2025-08-01 11:47:39,722 INFO o.h.c.i.RegionFactoryInitiator [restartedMain] HHH000026: Second-level cache disabled
2025-08-01 11:47:39,919 INFO o.s.o.j.p.SpringPersistenceUnitInfo [restartedMain] No LoadTimeWeaver setup: ignoring JPA class transformer
2025-08-01 11:47:40,677 INFO o.h.e.t.j.p.i.JtaPlatformInitiator [restartedMain] HHH000489: No JTA platform available (set 'hibernate.transaction.jta.platform' to enable JTA platform integration)
2025-08-01 11:47:40,679 INFO o.s.o.j.AbstractEntityManagerFactoryBean [restartedMain] Initialized JPA EntityManagerFactory for persistence unit 'default'
2025-08-01 11:47:41,224 WARN o.s.b.a.o.j.JpaBaseConfiguration$JpaWebConfiguration [restartedMain] spring.jpa.open-in-view is enabled by default. Therefore, database queries may be performed during view rendering. Explicitly configure spring.jpa.open-in-view to disable this warning
2025-08-01 11:47:41,279 INFO o.s.s.c.a.a.c.InitializeUserDetailsBeanManagerConfigurer$InitializeUserDetailsManagerConfigurer [restartedMain] Global AuthenticationManager configured with UserDetailsService bean with name projectUserDetailService
2025-08-01 11:47:41,763 INFO o.s.b.a.e.w.EndpointLinksResolver [restartedMain] Exposing 15 endpoints beneath base path '/actuator'
2025-08-01 11:47:42,244 INFO o.s.b.d.a.OptionalLiveReloadServer [restartedMain] LiveReload server is running on port 35729
2025-08-01 11:47:42,288 INFO o.a.j.l.DirectJDKLog [restartedMain] Starting ProtocolHandler ["http-nio-3001"]
2025-08-01 11:47:42,306 INFO o.s.b.w.e.t.TomcatWebServer [restartedMain] Tomcat started on port 3001 (http) with context path '/'
2025-08-01 11:47:42,323 INFO o.s.b.StartupInfoLogger [restartedMain] Started BakendApiRestApplication in 6.461 seconds (process running for 6.86)
2025-08-01 11:47:52,668 INFO o.a.j.l.DirectJDKLog [http-nio-3001-exec-2] Initializing Spring DispatcherServlet 'dispatcherServlet'
2025-08-01 11:47:52,668 INFO o.s.w.s.FrameworkServlet [http-nio-3001-exec-2] Initializing Servlet 'dispatcherServlet'
2025-08-01 11:47:52,669 INFO o.s.w.s.FrameworkServlet [http-nio-3001-exec-2] Completed initialization in 1 ms
2025-08-01 11:48:07,635 ERROR o.a.j.l.DirectJDKLog [http-nio-3001-exec-3] Servlet.service() for servlet [dispatcherServlet] in context with path [] threw exception
io.jsonwebtoken.MalformedJwtException: Compact JWT strings may not contain whitespace.
	at io.jsonwebtoken.impl.JwtTokenizer.tokenize(JwtTokenizer.java:67)
	at io.jsonwebtoken.impl.DefaultJwtParser.parse(DefaultJwtParser.java:372)
	at io.jsonwebtoken.impl.DefaultJwtParser.parse(DefaultJwtParser.java:364)
	at io.jsonwebtoken.impl.DefaultJwtParser.parse(DefaultJwtParser.java:94)
	at io.jsonwebtoken.impl.io.AbstractParser.parse(AbstractParser.java:36)
	at io.jsonwebtoken.impl.io.AbstractParser.parse(AbstractParser.java:29)
	at io.jsonwebtoken.impl.DefaultJwtParser.parseSignedClaims(DefaultJwtParser.java:830)
	at com.galaxy.bakendapirest.filter.JwtValidatorFilter.doFilterInternal(JwtValidatorFilter.java:38)
	at org.springframework.web.filter.OncePerRequestFilter.doFilter(OncePerRequestFilter.java:116)
	at org.springframework.security.web.ObservationFilterChainDecorator$ObservationFilter.wrapFilter(ObservationFilterChainDecorator.java:240)
	at org.springframework.security.web.ObservationFilterChainDecorator$ObservationFilter.doFilter(ObservationFilterChainDecorator.java:227)
	at org.springframework.security.web.ObservationFilterChainDecorator$VirtualFilterChain.doFilter(ObservationFilterChainDecorator.java:137)
	at org.springframework.security.web.authentication.logout.LogoutFilter.doFilter(LogoutFilter.java:107)
	at org.springframework.security.web.authentication.logout.LogoutFilter.doFilter(LogoutFilter.java:93)
	at org.springframework.security.web.ObservationFilterChainDecorator$ObservationFilter.wrapFilter(ObservationFilterChainDecorator.java:240)
	at org.springframework.security.web.ObservationFilterChainDecorator$ObservationFilter.doFilter(ObservationFilterChainDecorator.java:227)
	at org.springframework.security.web.ObservationFilterChainDecorator$VirtualFilterChain.doFilter(ObservationFilterChainDecorator.java:137)
	at org.springframework.security.web.header.HeaderWriterFilter.doHeadersAfter(HeaderWriterFilter.java:90)
	at org.springframework.security.web.header.HeaderWriterFilter.doFilterInternal(HeaderWriterFilter.java:75)
	at org.springframework.web.filter.OncePerRequestFilter.doFilter(OncePerRequestFilter.java:116)
	at org.springframework.security.web.ObservationFilterChainDecorator$ObservationFilter.wrapFilter(ObservationFilterChainDecorator.java:240)
	at org.springframework.security.web.ObservationFilterChainDecorator$ObservationFilter.doFilter(ObservationFilterChainDecorator.java:227)
	at org.springframework.security.web.ObservationFilterChainDecorator$VirtualFilterChain.doFilter(ObservationFilterChainDecorator.java:137)
	at org.springframework.security.web.context.SecurityContextHolderFilter.doFilter(SecurityContextHolderFilter.java:82)
	at org.springframework.security.web.context.SecurityContextHolderFilter.doFilter(SecurityContextHolderFilter.java:69)
	at org.springframework.security.web.ObservationFilterChainDecorator$ObservationFilter.wrapFilter(ObservationFilterChainDecorator.java:240)
	at org.springframework.security.web.ObservationFilterChainDecorator$ObservationFilter.doFilter(ObservationFilterChainDecorator.java:227)
	at org.springframework.security.web.ObservationFilterChainDecorator$VirtualFilterChain.doFilter(ObservationFilterChainDecorator.java:137)
	at org.springframework.security.web.context.request.async.WebAsyncManagerIntegrationFilter.doFilterInternal(WebAsyncManagerIntegrationFilter.java:62)
	at org.springframework.web.filter.OncePerRequestFilter.doFilter(OncePerRequestFilter.java:116)
	at org.springframework.security.web.ObservationFilterChainDecorator$ObservationFilter.wrapFilter(ObservationFilterChainDecorator.java:240)
	at org.springframework.security.web.ObservationFilterChainDecorator$ObservationFilter.doFilter(ObservationFilterChainDecorator.java:227)
	at org.springframework.security.web.ObservationFilterChainDecorator$VirtualFilterChain.doFilter(ObservationFilterChainDecorator.java:137)
	at org.springframework.security.web.session.DisableEncodeUrlFilter.doFilterInternal(DisableEncodeUrlFilter.java:42)
	at org.springframework.web.filter.OncePerRequestFilter.doFilter(OncePerRequestFilter.java:116)
	at org.springframework.security.web.ObservationFilterChainDecorator$ObservationFilter.wrapFilter(ObservationFilterChainDecorator.java:240)
	at org.springframework.security.web.ObservationFilterChainDecorator$AroundFilterObservation$SimpleAroundFilterObservation.lambda$wrap$0(ObservationFilterChainDecorator.java:323)
	at org.springframework.security.web.ObservationFilterChainDecorator$ObservationFilter.doFilter(ObservationFilterChainDecorator.java:224)
	at org.springframework.security.web.ObservationFilterChainDecorator$VirtualFilterChain.doFilter(ObservationFilterChainDecorator.java:137)
	at org.springframework.security.web.FilterChainProxy.doFilterInternal(FilterChainProxy.java:233)
	at org.springframework.security.web.FilterChainProxy.doFilter(FilterChainProxy.java:191)
	at org.springframework.web.filter.CompositeFilter$VirtualFilterChain.doFilter(CompositeFilter.java:113)
	at org.springframework.web.servlet.handler.HandlerMappingIntrospector.lambda$createCacheFilter$3(HandlerMappingIntrospector.java:195)
	at org.springframework.web.filter.CompositeFilter$VirtualFilterChain.doFilter(CompositeFilter.java:113)
	at org.springframework.web.filter.CompositeFilter.doFilter(CompositeFilter.java:74)
	at org.springframework.security.config.annotation.web.configuration.WebMvcSecurityConfiguration$CompositeFilterChainProxy.doFilter(WebMvcSecurityConfiguration.java:230)
	at org.springframework.web.filter.DelegatingFilterProxy.invokeDelegate(DelegatingFilterProxy.java:362)
	at org.springframework.web.filter.DelegatingFilterProxy.doFilter(DelegatingFilterProxy.java:278)
	at org.apache.catalina.core.ApplicationFilterChain.internalDoFilter(ApplicationFilterChain.java:164)
	at org.apache.catalina.core.ApplicationFilterChain.doFilter(ApplicationFilterChain.java:140)
	at org.springframework.web.filter.RequestContextFilter.doFilterInternal(RequestContextFilter.java:100)
	at org.springframework.web.filter.OncePerRequestFilter.doFilter(OncePerRequestFilter.java:116)
	at org.apache.catalina.core.ApplicationFilterChain.internalDoFilter(ApplicationFilterChain.java:164)
	at org.apache.catalina.core.ApplicationFilterChain.doFilter(ApplicationFilterChain.java:140)
	at org.springframework.web.filter.FormContentFilter.doFilterInternal(FormContentFilter.java:93)
	at org.springframework.web.filter.OncePerRequestFilter.doFilter(OncePerRequestFilter.java:116)
	at org.apache.catalina.core.ApplicationFilterChain.internalDoFilter(ApplicationFilterChain.java:164)
	at org.apache.catalina.core.ApplicationFilterChain.doFilter(ApplicationFilterChain.java:140)
	at org.springframework.web.filter.ServerHttpObservationFilter.doFilterInternal(ServerHttpObservationFilter.java:113)
	at org.springframework.web.filter.OncePerRequestFilter.doFilter(OncePerRequestFilter.java:116)
	at org.apache.catalina.core.ApplicationFilterChain.internalDoFilter(ApplicationFilterChain.java:164)
	at org.apache.catalina.core.ApplicationFilterChain.doFilter(ApplicationFilterChain.java:140)
	at org.springframework.web.filter.CharacterEncodingFilter.doFilterInternal(CharacterEncodingFilter.java:201)
	at org.springframework.web.filter.OncePerRequestFilter.doFilter(OncePerRequestFilter.java:116)
	at org.apache.catalina.core.ApplicationFilterChain.internalDoFilter(ApplicationFilterChain.java:164)
	at org.apache.catalina.core.ApplicationFilterChain.doFilter(ApplicationFilterChain.java:140)
	at org.apache.catalina.core.StandardWrapperValve.invoke(StandardWrapperValve.java:167)
	at org.apache.catalina.core.StandardContextValve.invoke(StandardContextValve.java:90)
	at org.apache.catalina.authenticator.AuthenticatorBase.invoke(AuthenticatorBase.java:483)
	at org.apache.catalina.core.StandardHostValve.invoke(StandardHostValve.java:115)
	at org.apache.catalina.valves.ErrorReportValve.invoke(ErrorReportValve.java:93)
	at org.apache.catalina.core.StandardEngineValve.invoke(StandardEngineValve.java:74)
	at org.apache.catalina.connector.CoyoteAdapter.service(CoyoteAdapter.java:344)
	at org.apache.coyote.http11.Http11Processor.service(Http11Processor.java:384)
	at org.apache.coyote.AbstractProcessorLight.process(AbstractProcessorLight.java:63)
	at org.apache.coyote.AbstractProtocol$ConnectionHandler.process(AbstractProtocol.java:905)
	at org.apache.tomcat.util.net.NioEndpoint$SocketProcessor.doRun(NioEndpoint.java:1741)
	at org.apache.tomcat.util.net.SocketProcessorBase.run(SocketProcessorBase.java:52)
	at org.apache.tomcat.util.threads.ThreadPoolExecutor.runWorker(ThreadPoolExecutor.java:1190)
	at org.apache.tomcat.util.threads.ThreadPoolExecutor$Worker.run(ThreadPoolExecutor.java:659)
	at org.apache.tomcat.util.threads.TaskThread$WrappingRunnable.run(TaskThread.java:63)
	at java.base/java.lang.Thread.run(Thread.java:842)
2025-08-01 11:49:57,486 WARN o.s.w.s.m.m.a.ResponseEntityExceptionHandler [http-nio-3001-exec-8] Request method 'GET' is not supported
2025-08-01 11:49:57,495 WARN o.s.w.s.h.AbstractHandlerExceptionResolver [http-nio-3001-exec-8] Resolved [org.springframework.web.HttpRequestMethodNotSupportedException: Request method 'GET' is not supported]
2025-08-01 11:50:17,426 WARN o.s.w.s.m.m.a.ResponseEntityExceptionHandler [http-nio-3001-exec-10] Request method 'GET' is not supported
2025-08-01 11:50:17,427 WARN o.s.w.s.h.AbstractHandlerExceptionResolver [http-nio-3001-exec-10] Resolved [org.springframework.web.HttpRequestMethodNotSupportedException: Request method 'GET' is not supported]
2025-08-01 11:51:10,610 WARN o.s.w.s.m.m.a.ResponseEntityExceptionHandler [http-nio-3001-exec-8] Request method 'GET' is not supported
2025-08-01 11:51:10,610 WARN o.s.w.s.h.AbstractHandlerExceptionResolver [http-nio-3001-exec-8] Resolved [org.springframework.web.HttpRequestMethodNotSupportedException: Request method 'GET' is not supported]
2025-08-01 11:52:07,823 WARN o.s.w.s.m.m.a.ResponseEntityExceptionHandler [http-nio-3001-exec-9] Request method 'GET' is not supported
2025-08-01 11:52:07,824 WARN o.s.w.s.h.AbstractHandlerExceptionResolver [http-nio-3001-exec-9] Resolved [org.springframework.web.HttpRequestMethodNotSupportedException: Request method 'GET' is not supported]
2025-08-01 11:52:23,867 WARN o.s.w.s.m.m.a.ResponseEntityExceptionHandler [http-nio-3001-exec-1] Request method 'GET' is not supported
2025-08-01 11:52:23,868 WARN o.s.w.s.h.AbstractHandlerExceptionResolver [http-nio-3001-exec-1] Resolved [org.springframework.web.HttpRequestMethodNotSupportedException: Request method 'GET' is not supported]
2025-08-01 11:52:34,701 WARN o.s.w.s.m.m.a.ResponseEntityExceptionHandler [http-nio-3001-exec-2] Request method 'GET' is not supported
2025-08-01 11:52:34,702 WARN o.s.w.s.h.AbstractHandlerExceptionResolver [http-nio-3001-exec-2] Resolved [org.springframework.web.HttpRequestMethodNotSupportedException: Request method 'GET' is not supported]
2025-08-01 11:52:39,386 WARN o.s.w.s.m.m.a.ResponseEntityExceptionHandler [http-nio-3001-exec-3] Request method 'GET' is not supported
2025-08-01 11:52:39,387 WARN o.s.w.s.h.AbstractHandlerExceptionResolver [http-nio-3001-exec-3] Resolved [org.springframework.web.HttpRequestMethodNotSupportedException: Request method 'GET' is not supported]
2025-08-01 11:52:42,306 WARN o.s.w.s.m.m.a.ResponseEntityExceptionHandler [http-nio-3001-exec-4] Request method 'GET' is not supported
2025-08-01 11:52:42,307 WARN o.s.w.s.h.AbstractHandlerExceptionResolver [http-nio-3001-exec-4] Resolved [org.springframework.web.HttpRequestMethodNotSupportedException: Request method 'GET' is not supported]
2025-08-01 11:52:45,134 WARN o.s.w.s.m.m.a.ResponseEntityExceptionHandler [http-nio-3001-exec-5] Request method 'GET' is not supported
2025-08-01 11:52:45,134 WARN o.s.w.s.h.AbstractHandlerExceptionResolver [http-nio-3001-exec-5] Resolved [org.springframework.web.HttpRequestMethodNotSupportedException: Request method 'GET' is not supported]
2025-08-01 11:52:49,645 WARN o.s.w.s.m.m.a.ResponseEntityExceptionHandler [http-nio-3001-exec-6] Request method 'GET' is not supported
2025-08-01 11:52:49,646 WARN o.s.w.s.h.AbstractHandlerExceptionResolver [http-nio-3001-exec-6] Resolved [org.springframework.web.HttpRequestMethodNotSupportedException: Request method 'GET' is not supported]
2025-08-01 11:52:53,250 WARN o.s.w.s.m.m.a.ResponseEntityExceptionHandler [http-nio-3001-exec-7] Request method 'GET' is not supported
2025-08-01 11:52:53,251 WARN o.s.w.s.h.AbstractHandlerExceptionResolver [http-nio-3001-exec-7] Resolved [org.springframework.web.HttpRequestMethodNotSupportedException: Request method 'GET' is not supported]
2025-08-01 11:53:11,906 WARN o.s.w.s.m.m.a.ResponseEntityExceptionHandler [http-nio-3001-exec-10] Request method 'GET' is not supported
2025-08-01 11:53:11,907 WARN o.s.w.s.h.AbstractHandlerExceptionResolver [http-nio-3001-exec-10] Resolved [org.springframework.web.HttpRequestMethodNotSupportedException: Request method 'GET' is not supported]
2025-08-01 11:55:03,781 INFO o.s.o.j.AbstractEntityManagerFactoryBean [SpringApplicationShutdownHook] Closing JPA EntityManagerFactory for persistence unit 'default'
2025-08-01 11:55:03,783 INFO c.z.h.HikariDataSource [SpringApplicationShutdownHook] HikariPool-1 - Shutdown initiated...
2025-08-01 11:55:03,787 INFO c.z.h.HikariDataSource [SpringApplicationShutdownHook] HikariPool-1 - Shutdown completed.
